algorithm,pair,slot,found,total_cost,gap_pct,nodes_expanded,max_frontier,runtime_ms
bfs,0,07:30,1,608.588,6.969,958,76,0.662
dfs,0,07:30,1,5768.898,913.973,423,94,3.532
iddfs,0,07:30,1,608.588,6.969,39241,24,82.890
ucs,0,07:30,1,568.940,0.000,975,78,2.231
dijkstra,0,07:30,1,568.940,0.000,975,78,2.058
astar,0,07:30,1,568.940,0.000,551,73,3.022
greedy,0,07:30,1,608.588,6.969,28,36,0.225
bidijkstra,0,07:30,1,568.940,0.000,576,75,2.077
idastar,0,07:30,1,568.940,0.000,59054,22,58.274
beam,0,07:30,1,608.588,6.969,856,50,2.538
bfs,1,07:30,1,1480.758,65.756,1807,87,1.109
dfs,1,07:30,1,9411.169,953.487,694,130,7.690
iddfs,1,07:30,1,1480.758,65.756,227691,31,531.262
ucs,1,07:30,1,893.335,0.000,1818,72,5.145
dijkstra,1,07:30,1,893.335,0.000,1818,72,4.033
astar,1,07:30,1,893.335,0.000,1303,86,4.066
greedy,1,07:30,1,1449.964,62.309,46,36,0.149
bidijkstra,1,07:30,1,893.335,0.000,1149,106,4.499
idastar,1,07:30,1,893.335,0.000,830213,35,898.645
beam,1,07:30,1,1076.386,20.491,1405,50,3.564
bfs,2,07:30,1,1020.420,16.091,1801,79,1.405
dfs,2,07:30,1,12669.309,1341.356,1678,224,35.207
iddfs,2,07:30,1,1020.420,16.091,185422,34,526.649
ucs,2,07:30,1,878.985,0.000,1592,83,3.827
dijkstra,2,07:30,1,878.985,0.000,1592,83,3.917
astar,2,07:30,1,878.985,0.000,1100,93,3.933
greedy,2,07:30,1,891.607,1.436,51,36,0.168
bidijkstra,2,07:30,1,878.985,0.000,1035,82,4.660
idastar,2,07:30,1,878.985,0.000,643739,38,649.478
beam,2,07:30,1,1020.420,16.091,1494,50,4.257
bfs,3,07:30,1,671.257,13.496,1044,87,0.758
dfs,3,07:30,1,13808.174,2234.691,914,208,15.608
iddfs,3,07:30,1,671.257,13.496,37985,21,75.142
ucs,3,07:30,1,591.435,0.000,1034,70,2.103
dijkstra,3,07:30,1,591.435,0.000,1034,70,1.793
astar,3,07:30,1,591.435,0.000,780,82,2.633
greedy,3,07:30,1,1029.606,74.086,51,37,0.251
bidijkstra,3,07:30,1,591.435,0.000,719,95,2.864
idastar,3,07:30,1,591.435,0.000,304762,35,306.243
beam,3,07:30,1,664.081,12.283,831,50,2.348
bfs,4,07:30,1,682.858,5.373,1549,102,2.566
dfs,4,07:30,1,7032.150,985.144,442,115,4.140
iddfs,4,07:30,1,682.858,5.373,79961,28,234.180
ucs,4,07:30,1,648.039,0.000,999,97,6.136
dijkstra,4,07:30,1,648.039,0.000,999,97,3.366
astar,4,07:30,1,648.039,0.000,479,62,2.137
greedy,4,07:30,1,762.813,17.711,51,45,0.247
bidijkstra,4,07:30,1,648.039,0.000,581,65,3.661
idastar,4,07:30,1,648.039,0.000,66533,26,80.123
beam,4,07:30,1,648.039,0.000,1056,50,2.807
bfs,5,07:30,1,1020.891,50.412,1842,88,1.302
dfs,5,07:30,1,4229.103,523.091,205,67,1.169
iddfs,5,07:30,1,1020.891,50.412,172954,31,433.929
ucs,5,07:30,1,678.730,0.000,1409,75,2.956
dijkstra,5,07:30,1,678.730,0.000,1409,75,2.787
astar,5,07:30,1,678.730,0.000,894,73,2.837
greedy,5,07:30,1,1626.017,139.568,79,52,0.253
bidijkstra,5,07:30,1,678.730,0.000,674,84,2.264
idastar,5,07:30,1,678.790,0.009,533124,46,525.786
beam,5,07:30,1,700.527,3.211,1377,50,3.068
bfs,6,07:30,1,1227.615,100.490,501,63,0.300
dfs,6,07:30,1,18199.126,2872.214,1307,246,29.272
iddfs,6,07:30,1,1227.615,100.490,6157,16,9.863
ucs,6,07:30,1,612.309,0.000,938,58,2.019
dijkstra,6,07:30,1,612.309,0.000,938,58,1.741
astar,6,07:30,1,612.309,0.000,682,49,2.373
greedy,6,07:30,1,1233.729,101.488,30,19,0.099
bidijkstra,6,07:30,1,612.309,0.000,528,61,1.809
idastar,6,07:30,1,612.309,0.000,260249,35,280.085
beam,6,07:30,1,988.834,61.493,849,50,1.982
bfs,7,07:30,1,764.558,5.692,815,77,0.443
dfs,7,07:30,1,15851.892,2091.346,963,240,17.282
iddfs,7,07:30,1,764.558,5.692,34502,27,83.080
ucs,7,07:30,1,723.386,0.000,876,64,1.958
dijkstra,7,07:30,1,723.386,0.000,876,64,3.415
astar,7,07:30,1,723.386,0.000,575,44,2.886
greedy,7,07:30,1,786.213,8.685,154,23,0.354
bidijkstra,7,07:30,1,723.386,0.000,368,37,1.035
idastar,7,07:30,1,723.386,0.000,162781,39,157.160
beam,7,07:30,1,764.258,5.650,754,50,2.055
bfs,8,07:30,1,718.692,14.959,1327,71,0.808
dfs,8,07:30,1,4966.959,694.495,2004,237,41.692
iddfs,8,07:30,1,718.692,14.959,105758,33,288.081
ucs,8,07:30,1,625.172,0.000,998,78,2.814
dijkstra,8,07:30,1,625.172,0.000,998,78,2.330
astar,8,07:30,1,625.172,0.000,656,60,3.205
greedy,8,07:30,1,653.605,4.548,88,51,0.941
bidijkstra,8,07:30,1,625.172,0.000,596,67,3.205
idastar,8,07:30,1,626.880,0.273,214992,37,213.528
beam,8,07:30,1,711.516,13.811,1221,50,3.782
bfs,9,07:30,1,1750.976,2.781,1243,100,0.833
dfs,9,07:30,1,12711.053,646.128,649,166,6.438
iddfs,9,07:30,1,1750.976,2.781,87434,30,245.321
ucs,9,07:30,1,1703.602,0.000,795,57,2.835
dijkstra,9,07:30,1,1703.602,0.000,795,57,1.770
astar,9,07:30,1,1703.602,0.000,476,45,1.598
greedy,9,07:30,1,1865.833,9.523,69,30,0.166
bidijkstra,9,07:30,1,1703.602,0.000,1543,81,4.811
idastar,9,07:30,1,1703.602,0.000,152759,31,165.015
beam,9,07:30,1,1732.898,1.720,1031,50,4.083
bfs,10,07:30,1,469.719,8.546,570,77,0.619
dfs,10,07:30,1,16834.555,3790.253,1533,240,38.488
iddfs,10,07:30,1,469.719,8.546,10110,17,23.815
ucs,10,07:30,1,432.737,0.000,644,71,2.650
dijkstra,10,07:30,1,432.737,0.000,644,71,1.528
astar,10,07:30,1,432.737,0.000,233,55,1.074
greedy,10,07:30,1,556.930,28.700,34,24,0.159
bidijkstra,10,07:30,1,432.737,0.000,191,28,0.814
idastar,10,07:30,1,432.737,0.000,23624,19,33.775
beam,10,07:30,1,469.719,8.546,517,50,5.735
bfs,11,07:30,1,885.481,13.661,1207,81,1.517
dfs,11,07:30,1,6427.528,725.039,598,98,4.794
iddfs,11,07:30,1,885.481,13.661,45059,28,126.530
ucs,11,07:30,1,779.057,0.000,1345,77,5.595
dijkstra,11,07:30,1,779.057,0.000,1345,77,5.509
astar,11,07:30,1,779.057,0.000,952,68,4.431
greedy,11,07:30,1,827.383,6.203,32,36,0.168
bidijkstra,11,07:30,1,779.057,0.000,852,76,3.057
idastar,11,07:30,1,783.142,0.524,282875,38,344.638
beam,11,07:30,1,861.538,10.587,985,50,4.337
bfs,12,07:30,1,364.194,4.049,925,106,1.052
dfs,12,07:30,1,2815.862,704.486,113,48,0.704
iddfs,12,07:30,1,364.194,4.049,16872,24,37.730
ucs,12,07:30,1,350.020,0.000,516,61,1.130
dijkstra,12,07:30,1,350.020,0.000,516,61,1.158
astar,12,07:30,1,350.020,0.000,282,49,1.141
greedy,12,07:30,1,813.513,132.419,90,44,0.350
bidijkstra,12,07:30,1,350.020,0.000,216,45,0.944
idastar,12,07:30,1,350.020,0.000,13324,19,13.030
beam,12,07:30,1,360.690,3.048,627,50,2.476
bfs,13,07:30,1,751.945,14.325,2041,119,2.040
dfs,13,07:30,1,12902.277,1861.646,1800,238,36.650
iddfs,13,07:30,1,751.945,14.325,222124,34,613.388
ucs,13,07:30,1,657.727,0.000,1492,104,2.971
dijkstra,13,07:30,1,657.727,0.000,1492,104,2.559
astar,13,07:30,1,657.727,0.000,718,73,2.440
greedy,13,07:30,1,774.336,17.729,51,43,0.176
bidijkstra,13,07:30,1,657.727,0.000,643,78,1.974
idastar,13,07:30,1,660.916,0.485,108398,23,110.744
beam,13,07:30,1,751.945,14.325,1408,50,4.762
bfs,14,07:30,1,1274.069,40.048,1092,77,0.634
dfs,14,07:30,1,14714.794,1517.473,865,226,13.301
iddfs,14,07:30,1,1274.069,40.048,63311,32,195.946
ucs,14,07:30,1,909.740,0.000,1223,77,3.452
dijkstra,14,07:30,1,909.740,0.000,1223,77,2.440
astar,14,07:30,1,909.740,0.000,789,68,2.405
greedy,14,07:30,1,1265.282,39.082,63,30,0.185
bidijkstra,14,07:30,1,909.740,0.000,1113,108,4.569
idastar,14,07:30,1,912.607,0.315,254692,43,253.880
beam,14,07:30,1,1011.201,11.153,998,50,2.553
bfs,15,07:30,1,1611.126,54.770,2102,73,2.485
dfs,15,07:30,1,8104.520,678.548,1989,246,45.441
iddfs,15,07:30,1,1611.126,54.770,461803,45,1762.135
ucs,15,07:30,1,1040.979,0.000,1746,67,4.740
dijkstra,15,07:30,1,1040.979,0.000,1746,67,3.323
astar,15,07:30,1,1040.979,0.000,1363,82,4.565
greedy,15,07:30,1,1511.599,45.209,90,58,0.317
bidijkstra,15,07:30,1,1040.979,0.000,1046,80,6.317
idastar,15,07:30,1,1040.979,0.000,647987,43,707.126
beam,15,07:30,1,1611.126,54.770,1911,50,5.760
bfs,16,07:30,1,912.738,35.582,1577,102,1.258
dfs,16,07:30,1,5541.866,723.214,2045,257,50.007
iddfs,16,07:30,1,912.738,35.582,106758,29,245.380
ucs,16,07:30,1,673.199,0.000,1373,92,3.470
dijkstra,16,07:30,1,673.199,0.000,1373,92,2.777
astar,16,07:30,1,673.199,0.000,930,69,2.934
greedy,16,07:30,1,1702.724,152.930,67,43,0.214
bidijkstra,16,07:30,1,673.199,0.000,618,62,1.836
idastar,16,07:30,1,673.199,0.000,424566,35,439.535
beam,16,07:30,1,752.708,11.811,1151,50,3.292
bfs,17,07:30,1,732.621,34.018,607,73,0.434
dfs,17,07:30,1,1195.902,118.766,53,36,0.192
iddfs,17,07:30,1,732.621,34.018,10111,21,20.630
ucs,17,07:30,1,546.658,0.000,648,42,1.588
dijkstra,17,07:30,1,546.658,0.000,648,42,1.588
astar,17,07:30,1,546.658,0.000,471,46,2.763
greedy,17,07:30,1,1111.880,103.396,109,30,0.320
bidijkstra,17,07:30,1,546.658,0.000,263,44,0.907
idastar,17,07:30,1,546.658,0.000,103879,33,106.561
beam,17,07:30,0,,,2078,50,4.911
bfs,18,07:30,1,1130.162,16.431,1419,59,1.658
dfs,18,07:30,1,2488.242,156.344,163,52,0.725
iddfs,18,07:30,1,1130.162,16.431,125197,34,342.281
ucs,18,07:30,1,970.667,0.000,1553,56,3.194
dijkstra,18,07:30,1,970.667,0.000,1553,56,2.722
astar,18,07:30,1,970.667,0.000,1095,47,3.472
greedy,18,07:30,1,1075.202,10.769,56,35,0.166
bidijkstra,18,07:30,1,970.667,0.000,733,51,2.611
idastar,18,07:30,1,972.518,0.191,1061776,44,1105.552
beam,18,07:30,1,1092.684,12.570,1355,50,4.107
bfs,19,07:30,1,1058.671,20.464,596,65,0.404
dfs,19,07:30,1,8601.108,878.703,318,132,2.830
iddfs,19,07:30,1,1058.671,20.464,11486,18,19.810
ucs,19,07:30,1,878.827,0.000,1294,62,2.865
dijkstra,19,07:30,1,878.827,0.000,1294,62,3.706
astar,19,07:30,1,878.827,0.000,933,56,2.779
greedy,19,07:30,1,1025.027,16.636,24,23,0.080
bidijkstra,19,07:30,1,878.827,0.000,1059,109,3.530
idastar,19,07:30,1,878.827,0.000,328653,34,352.343
beam,19,07:30,1,1018.913,15.940,626,50,1.658
bfs,20,07:30,1,803.490,32.659,867,79,1.104
dfs,20,07:30,1,16713.900,2659.528,1430,229,29.066
iddfs,20,07:30,1,803.490,32.659,25005,27,61.810
ucs,20,07:30,1,605.680,0.000,748,65,2.720
dijkstra,20,07:30,1,605.680,0.000,748,65,2.486
astar,20,07:30,1,605.680,0.000,502,62,2.029
greedy,20,07:30,1,1006.976,66.255,63,40,0.274
bidijkstra,20,07:30,1,605.680,0.000,476,46,1.800
idastar,20,07:30,1,609.002,0.549,56137,29,79.243
beam,20,07:30,1,803.490,32.659,743,50,1.907
bfs,21,07:30,1,1234.588,14.058,1943,83,1.465
dfs,21,07:30,1,11102.167,925.679,717,128,7.163
iddfs,21,07:30,1,1234.588,14.058,211830,35,605.217
ucs,21,07:30,1,1082.421,0.000,1738,73,3.774
dijkstra,21,07:30,1,1082.421,0.000,1738,73,3.640
astar,21,07:30,1,1082.421,0.000,1102,71,4.895
greedy,21,07:30,1,1717.581,58.680,49,46,0.247
bidijkstra,21,07:30,1,1082.421,0.000,651,67,2.181
idastar,21,07:30,1,1085.449,0.280,339982,32,347.162
beam,21,07:30,1,1231.560,13.778,1459,50,3.836
bfs,22,07:30,1,1060.457,21.220,1648,98,1.096
dfs,22,07:30,1,14568.748,1565.348,1735,240,44.842
iddfs,22,07:30,1,1060.457,21.220,94141,28,212.802
ucs,22,07:30,1,874.817,0.000,1907,83,5.034
dijkstra,22,07:30,1,874.817,0.000,1907,83,4.137
astar,22,07:30,1,874.817,0.000,1496,96,8.098
greedy,22,07:30,1,1120.055,28.033,53,33,0.195
bidijkstra,22,07:30,1,874.817,0.000,1258,111,5.138
idastar,22,07:30,1,874.817,0.000,780964,36,908.299
beam,22,07:30,1,961.489,9.907,1532,50,4.490
bfs,23,07:30,1,2093.499,6.462,1643,100,1.155
dfs,23,07:30,1,5358.212,172.485,368,67,2.111
iddfs,23,07:30,1,2093.499,6.462,146820,32,451.925
ucs,23,07:30,1,1966.422,0.000,1883,80,4.599
dijkstra,23,07:30,1,1966.422,0.000,1883,80,3.401
astar,23,07:30,1,1966.422,0.000,1469,86,5.739
greedy,23,07:30,1,3182.291,61.832,107,52,0.500
bidijkstra,23,07:30,1,1966.422,0.000,1852,76,6.940
idastar,23,07:30,1,1966.592,0.009,1150877,47,1322.982
beam,23,07:30,1,2149.934,9.332,1702,50,5.009
bfs,24,07:30,1,708.320,7.875,1415,83,2.167
dfs,24,07:30,1,5556.121,746.184,304,82,3.183
iddfs,24,07:30,1,708.320,7.875,94117,37,293.976
ucs,24,07:30,1,656.609,0.000,1177,69,4.230
dijkstra,24,07:30,1,656.609,0.000,1177,69,3.354
astar,24,07:30,1,656.609,0.000,795,61,3.961
greedy,24,07:30,1,719.472,9.574,62,33,0.307
bidijkstra,24,07:30,1,656.609,0.000,624,65,2.839
idastar,24,07:30,1,656.840,0.035,156881,33,198.078
beam,24,07:30,1,708.320,7.875,1152,50,3.246
bfs,25,07:30,1,1328.624,119.469,510,64,0.347
dfs,25,07:30,1,19304.200,3088.760,1534,259,39.161
iddfs,25,07:30,1,1328.624,119.469,11327,22,21.696
ucs,25,07:30,1,605.383,0.000,486,42,1.218
dijkstra,25,07:30,1,605.383,0.000,486,42,1.119
astar,25,07:30,1,605.383,0.000,376,40,1.474
greedy,25,07:30,1,1311.776,116.686,48,13,0.165
bidijkstra,25,07:30,1,605.383,0.000,359,49,1.373
idastar,25,07:30,1,605.383,0.000,68654,26,77.765
beam,25,07:30,1,908.088,50.002,629,50,1.766
bfs,26,07:30,1,1986.009,28.864,2015,87,1.815
dfs,26,07:30,1,5981.617,288.123,278,89,1.597
iddfs,26,07:30,1,1986.009,28.864,424087,40,1334.313
ucs,26,07:30,1,1541.166,0.000,2112,65,4.943
dijkstra,26,07:30,1,1541.166,0.000,2112,65,6.683
astar,26,07:30,1,1541.166,0.000,2103,82,8.055
greedy,26,07:30,1,2040.419,32.395,61,52,0.223
bidijkstra,26,07:30,1,1541.166,0.000,1523,77,5.148
idastar,26,07:30,1,1544.930,0.244,12302423,59,13572.909
beam,26,07:30,1,1948.786,26.449,1795,50,7.267
bfs,27,07:30,1,523.159,5.823,272,49,0.233
dfs,27,07:30,1,17322.791,3403.997,1296,247,43.050
iddfs,27,07:30,1,523.159,5.823,2647,15,4.619
ucs,27,07:30,1,494.372,0.000,479,42,1.084
dijkstra,27,07:30,1,494.372,0.000,479,42,0.868
astar,27,07:30,1,494.372,0.000,330,44,1.239
greedy,27,07:30,1,523.159,5.823,22,17,0.094
bidijkstra,27,07:30,1,494.372,0.000,313,53,1.197
idastar,27,07:30,1,495.402,0.208,22034,22,23.811
beam,27,07:30,1,523.159,5.823,288,44,1.060
bfs,28,07:30,1,1046.339,14.273,1072,60,1.071
dfs,28,07:30,1,13762.463,1403.033,800,197,19.765
iddfs,28,07:30,1,1046.339,14.273,106358,34,354.082
ucs,28,07:30,1,915.646,0.000,1096,54,2.444
dijkstra,28,07:30,1,915.646,0.000,1096,54,2.404
astar,28,07:30,1,915.646,0.000,827,47,3.043
greedy,28,07:30,1,1025.325,11.978,78,54,0.350
bidijkstra,28,07:30,1,915.646,0.000,727,60,3.152
idastar,28,07:30,1,918.438,0.305,877896,52,1009.003
beam,28,07:30,1,1046.339,14.273,1042,50,2.505
bfs,29,07:30,1,1721.541,95.301,1769,66,1.462
dfs,29,07:30,1,13158.784,1392.800,604,195,10.461
iddfs,29,07:30,1,1721.541,95.301,274320,37,817.169
ucs,29,07:30,1,881.483,0.000,1487,59,4.366
dijkstra,29,07:30,1,881.483,0.000,1487,59,3.044
astar,29,07:30,1,881.483,0.000,1133,70,3.792
greedy,29,07:30,1,1378.187,56.349,48,41,0.184
bidijkstra,29,07:30,1,881.483,0.000,1287,101,6.643
idastar,29,07:30,1,881.483,0.000,773551,39,913.361
beam,29,07:30,1,1673.539,89.855,1763,50,6.334
bfs,30,07:30,1,852.571,17.384,1891,78,1.758
dfs,30,07:30,1,5264.594,624.841,325,96,2.608
iddfs,30,07:30,1,852.571,17.384,205835,33,634.032
ucs,30,07:30,1,726.310,0.000,1200,81,2.843
dijkstra,30,07:30,1,726.310,0.000,1200,81,3.415
astar,30,07:30,1,726.310,0.000,735,66,2.705
greedy,30,07:30,1,1338.068,84.228,69,50,0.221
bidijkstra,30,07:30,1,726.310,0.000,622,66,1.991
idastar,30,07:30,1,728.018,0.235,454992,38,451.122
beam,30,07:30,1,820.138,12.918,1523,50,4.140
bfs,31,07:30,1,1001.231,73.524,804,77,0.787
dfs,31,07:30,1,17915.906,3005.022,1154,234,21.393
iddfs,31,07:30,1,1001.231,73.524,22635,23,44.496
ucs,31,07:30,1,576.998,0.000,696,42,1.388
dijkstra,31,07:30,1,576.998,0.000,696,42,1.208
astar,31,07:30,1,576.998,0.000,519,44,1.787
greedy,31,07:30,1,958.292,66.083,27,24,0.098
bidijkstra,31,07:30,1,576.998,0.000,566,96,2.013
idastar,31,07:30,1,576.998,0.000,120125,29,124.613
beam,31,07:30,1,849.527,47.232,911,50,2.199
bfs,32,07:30,1,715.017,0.000,754,72,0.522
dfs,32,07:30,1,8673.451,1113.042,1626,233,33.931
iddfs,32,07:30,1,715.017,0.000,18081,21,37.581
ucs,32,07:30,1,715.017,0.000,975,54,2.775
dijkstra,32,07:30,1,715.017,0.000,975,54,3.942
astar,32,07:30,1,715.017,0.000,672,52,3.334
greedy,32,07:30,1,1029.781,44.022,47,29,0.205
bidijkstra,32,07:30,1,715.017,0.000,643,72,2.494
idastar,32,07:30,1,715.017,0.000,171586,31,177.734
beam,32,07:30,1,715.017,0.000,635,50,1.388
bfs,33,07:30,1,983.646,14.838,1221,80,0.701
dfs,33,07:30,1,4221.852,392.890,1998,261,47.775
iddfs,33,07:30,1,983.646,14.838,50352,31,153.130
ucs,33,07:30,1,856.550,0.000,1157,64,2.891
dijkstra,33,07:30,1,856.550,0.000,1157,64,2.312
astar,33,07:30,1,856.550,0.000,863,68,3.802
greedy,33,07:30,1,891.607,4.093,59,42,0.226
bidijkstra,33,07:30,1,856.550,0.000,874,92,3.790
idastar,33,07:30,1,856.550,0.000,207286,38,213.891
beam,33,07:30,1,931.996,8.808,972,50,2.026
bfs,34,07:30,1,584.550,7.241,538,62,0.526
dfs,34,07:30,1,17746.303,3155.727,1248,241,24.762
iddfs,34,07:30,1,584.550,7.241,10684,18,18.475
ucs,34,07:30,1,545.080,0.000,905,77,2.077
dijkstra,34,07:30,1,545.080,0.000,905,77,1.709
astar,34,07:30,1,545.080,0.000,582,62,2.035
greedy,34,07:30,1,545.080,0.000,22,24,0.093
bidijkstra,34,07:30,1,545.080,0.000,463,65,2.089
idastar,34,07:30,1,545.080,0.000,80448,23,85.931
beam,34,07:30,1,584.550,7.241,525,50,1.828
bfs,35,07:30,1,982.975,26.620,1286,82,0.770
dfs,35,07:30,1,11045.192,1322.763,1736,174,29.512
iddfs,35,07:30,1,982.975,26.620,71078,30,170.889
ucs,35,07:30,1,776.320,0.000,1321,72,3.433
dijkstra,35,07:30,1,776.320,0.000,1321,72,4.002
astar,35,07:30,1,776.320,0.000,838,89,2.978
greedy,35,07:30,1,1306.244,68.261,61,33,0.233
bidijkstra,35,07:30,1,776.320,0.000,1117,116,5.960
idastar,35,07:30,1,776.320,0.000,323314,37,339.601
beam,35,07:30,1,977.924,25.969,1089,50,5.266
bfs,36,07:30,1,274.642,11.549,406,51,0.436
dfs,36,07:30,1,3144.665,1177.236,127,55,0.714
iddfs,36,07:30,1,274.642,11.549,6159,16,11.849
ucs,36,07:30,1,246.208,0.000,283,33,1.389
dijkstra,36,07:30,1,246.208,0.000,283,33,0.988
astar,36,07:30,1,246.208,0.000,197,37,1.129
greedy,36,07:30,1,247.506,0.527,18,15,0.072
bidijkstra,36,07:30,1,246.208,0.000,153,36,0.501
idastar,36,07:30,1,247.506,0.527,9475,15,10.537
beam,36,07:30,1,274.642,11.549,387,47,1.784
bfs,37,07:30,1,831.737,5.239,1706,86,1.369
dfs,37,07:30,1,10835.809,1271.052,701,160,9.363
iddfs,37,07:30,1,831.737,5.239,121869,30,309.286
ucs,37,07:30,1,790.328,0.000,1682,73,4.263
dijkstra,37,07:30,1,790.328,0.000,1682,73,4.019
astar,37,07:30,1,790.328,0.000,1260,96,5.238
greedy,37,07:30,1,931.003,17.800,78,47,0.266
bidijkstra,37,07:30,1,790.328,0.000,1088,100,4.450
idastar,37,07:30,1,790.328,0.000,474026,35,499.373
beam,37,07:30,1,825.386,4.436,1278,50,4.503
bfs,38,07:30,1,1408.333,7.508,1845,92,1.323
dfs,38,07:30,1,5894.506,349.969,519,99,3.658
iddfs,38,07:30,1,1408.333,7.508,234852,33,606.361
ucs,38,07:30,1,1309.982,0.000,2092,70,5.713
dijkstra,38,07:30,1,1309.982,0.000,2092,70,4.220
astar,38,07:30,1,1309.982,0.000,2077,85,7.092
greedy,38,07:30,1,1595.212,21.774,90,51,0.512
bidijkstra,38,07:30,1,1309.982,0.000,1381,79,5.358
idastar,38,07:30,1,1312.465,0.190,7750047,57,9084.009
beam,38,07:30,1,1408.333,7.508,1410,50,6.419
bfs,39,07:30,1,1354.798,50.085,1705,85,1.321
dfs,39,07:30,1,13895.076,1439.301,1580,173,28.802
iddfs,39,07:30,1,1354.798,50.085,169400,35,505.129
ucs,39,07:30,1,902.687,0.000,1748,69,4.191
dijkstra,39,07:30,1,902.687,0.000,1748,69,4.204
astar,39,07:30,1,902.687,0.000,1422,81,6.591
greedy,39,07:30,1,1455.529,61.244,60,48,0.370
bidijkstra,39,07:30,1,902.687,0.000,1244,100,5.475
idastar,39,07:30,1,902.687,0.000,621055,39,659.043
beam,39,07:30,1,983.024,8.900,1456,50,3.071
bfs,40,07:30,1,805.196,23.669,397,56,0.239
dfs,40,07:30,1,16330.706,2408.218,1546,223,35.752
iddfs,40,07:30,1,805.196,23.669,5490,21,10.686
ucs,40,07:30,1,651.088,0.000,628,61,1.378
dijkstra,40,07:30,1,651.088,0.000,628,61,1.170
astar,40,07:30,1,651.088,0.000,374,45,1.782
greedy,40,07:30,1,651.088,0.000,38,17,0.140
bidijkstra,40,07:30,1,651.088,0.000,296,31,1.026
idastar,40,07:30,1,651.088,0.000,53884,24,51.112
beam,40,07:30,1,805.196,23.669,400,50,1.496
bfs,41,07:30,1,699.747,20.617,1116,81,0.794
dfs,41,07:30,1,7717.620,1230.306,1879,257,48.122
iddfs,41,07:30,1,699.747,20.617,60211,31,158.911
ucs,41,07:30,1,580.139,0.000,824,76,2.214
dijkstra,41,07:30,1,580.139,0.000,824,76,2.214
astar,41,07:30,1,580.139,0.000,556,51,2.630
greedy,41,07:30,1,1849.333,218.774,53,37,0.234
bidijkstra,41,07:30,1,580.139,0.000,416,57,2.267
idastar,41,07:30,1,580.139,0.000,120225,35,140.932
beam,41,07:30,1,699.747,20.617,933,50,3.052
bfs,42,07:30,1,2552.426,70.309,1659,72,2.436
dfs,42,07:30,1,20510.726,1268.561,1406,253,38.192
iddfs,42,07:30,1,2552.426,70.309,257794,37,882.003
ucs,42,07:30,1,1498.707,0.000,1580,64,3.399
dijkstra,42,07:30,1,1498.707,0.000,1580,64,4.148
astar,42,07:30,1,1498.707,0.000,1279,84,5.557
greedy,42,07:30,1,1936.145,29.188,83,83,0.348
bidijkstra,42,07:30,1,1498.707,0.000,1683,71,6.247
idastar,42,07:30,1,1500.865,0.144,4994988,47,5445.194
beam,42,07:30,1,1968.934,31.375,1553,50,4.510
bfs,43,07:30,1,714.195,6.895,1054,71,0.894
dfs,43,07:30,1,9096.866,1261.548,1502,194,31.586
iddfs,43,07:30,1,714.195,6.895,41680,26,100.757
ucs,43,07:30,1,668.127,0.000,990,87,3.058
dijkstra,43,07:30,1,668.127,0.000,990,87,4.291
astar,43,07:30,1,668.127,0.000,470,59,1.951
greedy,43,07:30,1,1026.587,53.652,53,39,0.181
bidijkstra,43,07:30,1,668.127,0.000,471,41,1.423
idastar,43,07:30,1,668.127,0.000,75648,27,77.765
beam,43,07:30,1,714.195,6.895,896,50,3.450
bfs,44,07:30,1,1574.047,56.369,1937,102,1.486
dfs,44,07:30,1,8098.482,704.520,324,115,3.020
iddfs,44,07:30,1,1574.047,56.369,263978,36,835.655
ucs,44,07:30,1,1006.622,0.000,2026,73,6.312
dijkstra,44,07:30,1,1006.622,0.000,2026,73,4.788
astar,44,07:30,1,1006.622,0.000,1944,105,7.097
greedy,44,07:30,1,1169.984,16.229,48,46,0.260
bidijkstra,44,07:30,1,1006.622,0.000,1175,91,4.408
idastar,44,07:30,1,1009.106,0.247,2084607,46,2371.297
beam,44,07:30,1,1114.431,10.710,1546,50,5.138
bfs,45,07:30,1,1076.473,14.210,1398,82,1.192
dfs,45,07:30,1,8571.129,809.364,486,123,4.400
iddfs,45,07:30,1,1076.473,14.210,90460,31,276.514
ucs,45,07:30,1,942.541,0.000,1738,84,3.717
dijkstra,45,07:30,1,942.541,0.000,1738,84,4.273
astar,45,07:30,1,942.541,0.000,1182,88,5.106
greedy,45,07:30,1,1018.375,8.046,49,47,0.293
bidijkstra,45,07:30,1,942.541,0.000,1046,94,4.202
idastar,45,07:30,1,942.541,0.000,637435,47,652.075
beam,45,07:30,1,1034.435,9.750,1157,50,3.454
bfs,46,07:30,1,1444.354,41.449,1861,80,1.254
dfs,46,07:30,1,13475.666,1219.701,667,209,10.072
iddfs,46,07:30,1,1444.354,41.449,233383,36,751.057
ucs,46,07:30,1,1021.115,0.000,1800,82,6.284
dijkstra,46,07:30,1,1021.115,0.000,1800,82,3.805
astar,46,07:30,1,1021.115,0.000,1495,97,5.156
greedy,46,07:30,1,1266.444,24.026,68,59,0.241
bidijkstra,46,07:30,1,1021.115,0.000,1447,117,6.366
idastar,46,07:30,1,1025.229,0.403,916460,52,992.999
beam,46,07:30,1,1159.182,13.521,1695,50,6.584
bfs,47,07:30,1,833.638,3.563,1267,79,1.007
dfs,47,07:30,1,11594.768,1340.414,845,175,12.280
iddfs,47,07:30,1,833.638,3.563,72070,27,173.165
ucs,47,07:30,1,804.961,0.000,1391,90,3.304
dijkstra,47,07:30,1,804.961,0.000,1391,90,3.803
astar,47,07:30,1,804.961,0.000,958,81,4.012
greedy,47,07:30,1,805.776,0.101,39,29,0.151
bidijkstra,47,07:30,1,804.961,0.000,933,101,3.388
idastar,47,07:30,1,804.961,0.000,398668,40,405.614
beam,47,07:30,1,833.638,3.563,1118,50,4.641
bfs,48,07:30,1,1667.870,21.782,1917,82,1.482
dfs,48,07:30,1,5878.220,329.207,264,92,1.638
iddfs,48,07:30,1,1667.870,21.782,242351,41,746.809
ucs,48,07:30,1,1369.554,0.000,2087,86,5.650
dijkstra,48,07:30,1,1369.554,0.000,2087,86,4.159
astar,48,07:30,1,1369.554,0.000,2084,112,6.035
greedy,48,07:30,1,1663.958,21.496,70,39,0.197
bidijkstra,48,07:30,1,1369.554,0.000,1316,101,4.816
idastar,48,07:30,1,1369.554,0.000,9742845,60,11231.670
beam,48,07:30,1,1616.804,18.053,1728,50,4.344
bfs,49,07:30,1,1675.173,36.845,1594,89,1.771
dfs,49,07:30,1,13178.836,976.582,779,157,10.562
iddfs,49,07:30,1,1675.173,36.845,127660,38,398.517
ucs,49,07:30,1,1224.137,0.000,1844,82,5.736
dijkstra,49,07:30,1,1224.137,0.000,1844,82,3.995
astar,49,07:30,1,1224.137,0.000,1474,96,5.776
greedy,49,07:30,1,2617.819,113.850,125,73,0.540
bidijkstra,49,07:30,1,1224.137,0.000,1140,94,4.104
idastar,49,07:30,1,1224.137,0.000,920549,48,980.246
beam,49,07:30,1,1533.582,25.279,1390,50,7.173
bfs,50,07:30,1,349.127,1.844,482,65,0.359
dfs,50,07:30,1,18367.678,5258.035,1513,254,39.685
iddfs,50,07:30,1,349.127,1.844,5627,16,9.049
ucs,50,07:30,1,342.806,0.000,495,55,1.553
dijkstra,50,07:30,1,342.806,0.000,495,55,1.581
astar,50,07:30,1,342.806,0.000,241,52,0.979
greedy,50,07:30,1,445.648,30.000,42,28,0.121
bidijkstra,50,07:30,1,342.806,0.000,238,60,0.719
idastar,50,07:30,1,342.806,0.000,8415,18,8.380
beam,50,07:30,1,349.127,1.844,427,50,1.149
bfs,51,07:30,1,421.157,40.006,191,29,0.140
dfs,51,07:30,1,1415.115,370.428,2074,229,42.328
iddfs,51,07:30,1,421.157,40.006,2132,14,2.781
ucs,51,07:30,1,300.814,0.000,170,23,0.340
dijkstra,51,07:30,1,300.814,0.000,170,23,0.277
astar,51,07:30,1,300.814,0.000,102,21,0.398
greedy,51,07:30,1,421.157,40.006,24,16,0.085
bidijkstra,51,07:30,1,300.814,0.000,80,15,0.231
idastar,51,07:30,1,300.814,0.000,3140,12,3.050
beam,51,07:30,1,421.157,40.006,184,24,0.747
bfs,52,07:30,1,1142.820,55.132,1150,77,0.762
dfs,52,07:30,1,16059.016,2079.922,918,240,16.118
iddfs,52,07:30,1,1142.820,55.132,67046,29,189.901
ucs,52,07:30,1,736.678,0.000,921,68,2.006
dijkstra,52,07:30,1,736.678,0.000,921,68,1.865
astar,52,07:30,1,736.678,0.000,588,51,2.387
greedy,52,07:30,1,1043.700,41.676,83,44,0.367
bidijkstra,52,07:30,1,736.678,0.000,768,82,4.026
idastar,52,07:30,1,736.678,0.000,112243,36,110.101
beam,52,07:30,1,1125.430,52.771,1026,50,3.066
bfs,53,07:30,1,364.428,4.599,644,80,0.668
dfs,53,07:30,1,21020.951,5933.465,1363,239,25.971
iddfs,53,07:30,1,364.428,4.599,9926,14,17.507
ucs,53,07:30,1,348.406,0.000,499,74,1.269
dijkstra,53,07:30,1,348.406,0.000,499,74,1.217
astar,53,07:30,1,348.406,0.000,262,40,1.614
greedy,53,07:30,1,446.613,28.188,41,27,0.155
bidijkstra,53,07:30,1,348.406,0.000,174,52,0.648
idastar,53,07:30,1,350.894,0.714,14782,22,15.328
beam,53,07:30,1,352.931,1.299,548,50,1.883
bfs,54,07:30,1,446.199,5.084,375,38,0.304
dfs,54,07:30,1,18295.050,4208.635,1092,252,25.306
iddfs,54,07:30,1,446.199,5.084,10962,21,22.902
ucs,54,07:30,1,424.614,0.000,383,34,0.836
dijkstra,54,07:30,1,424.614,0.000,383,34,0.824
astar,54,07:30,1,424.614,0.000,290,30,1.463
greedy,54,07:30,1,424.614,0.000,21,21,0.175
bidijkstra,54,07:30,1,424.614,0.000,261,34,1.385
idastar,54,07:30,1,424.614,0.000,46333,26,50.569
beam,54,07:30,1,446.199,5.084,354,34,1.111
bfs,55,07:30,1,1408.981,88.779,831,64,0.583
dfs,55,07:30,1,2993.136,301.029,113,53,0.515
iddfs,55,07:30,1,1408.981,88.779,30660,24,69.005
ucs,55,07:30,1,746.364,0.000,1086,56,2.406
dijkstra,55,07:30,1,746.364,0.000,1086,56,5.786
astar,55,07:30,1,746.364,0.000,784,47,3.162
greedy,55,07:30,1,831.231,11.371,46,32,0.208
bidijkstra,55,07:30,1,746.364,0.000,774,67,2.805
idastar,55,07:30,1,746.364,0.000,526968,41,553.841
beam,55,07:30,1,1097.830,47.090,1015,50,2.582
bfs,56,07:30,1,1332.924,51.130,1576,126,1.053
dfs,56,07:30,1,17206.267,1850.882,1460,236,30.722
iddfs,56,07:30,1,1332.924,51.130,57386,23,121.770
ucs,56,07:30,1,881.974,0.000,1928,87,5.515
dijkstra,56,07:30,1,881.974,0.000,1928,87,4.810
astar,56,07:30,1,881.974,0.000,1231,79,4.694
greedy,56,07:30,1,1718.633,94.862,208,30,0.600
bidijkstra,56,07:30,1,881.974,0.000,660,74,3.853
idastar,56,07:30,1,881.974,0.000,397157,31,432.838
beam,56,07:30,1,881.974,0.000,1228,50,3.137
bfs,57,07:30,1,1234.924,43.474,1160,73,0.798
dfs,57,07:30,1,19272.792,2139.127,1441,259,36.633
iddfs,57,07:30,1,1234.924,43.474,59677,31,148.213
ucs,57,07:30,1,860.728,0.000,1141,82,2.602
dijkstra,57,07:30,1,860.728,0.000,1141,82,3.618
astar,57,07:30,1,860.728,0.000,745,71,3.239
greedy,57,07:30,1,1072.064,24.553,39,35,0.162
bidijkstra,57,07:30,1,860.728,0.000,1085,95,4.141
idastar,57,07:30,1,860.728,0.000,225562,35,222.098
beam,57,07:30,1,1221.009,41.858,985,50,3.234
bfs,58,07:30,1,808.097,14.257,1061,67,1.225
dfs,58,07:30,1,16446.313,2225.354,908,217,18.052
iddfs,58,07:30,1,808.097,14.257,50922,26,112.303
ucs,58,07:30,1,707.261,0.000,1032,54,1.918
dijkstra,58,07:30,1,707.261,0.000,1032,54,2.591
astar,58,07:30,1,707.261,0.000,760,52,3.322
greedy,58,07:30,1,810.659,14.620,58,34,0.187
bidijkstra,58,07:30,1,707.261,0.000,647,58,2.180
idastar,58,07:30,1,708.182,0.130,263547,37,268.655
beam,58,07:30,1,731.932,3.488,866,50,2.844
bfs,59,07:30,1,889.160,18.144,1015,73,0.830
dfs,59,07:30,1,8410.678,1017.538,545,109,4.809
iddfs,59,07:30,1,889.160,18.144,42032,29,105.426
ucs,59,07:30,1,752.608,0.000,1088,57,2.917
dijkstra,59,07:30,1,752.608,0.000,1088,57,2.022
astar,59,07:30,1,752.608,0.000,724,52,2.297
greedy,59,07:30,1,934.329,24.145,33,33,0.111
bidijkstra,59,07:30,1,752.608,0.000,860,75,2.922
idastar,59,07:30,1,752.608,0.000,207090,33,219.055
beam,59,07:30,1,841.031,11.749,806,50,4.381
bfs,60,07:30,1,750.323,8.284,1066,87,0.986
dfs,60,07:30,1,14645.114,2013.538,847,191,14.266
iddfs,60,07:30,1,750.323,8.284,34236,24,70.329
ucs,60,07:30,1,692.919,0.000,740,74,2.916
dijkstra,60,07:30,1,692.919,0.000,740,74,2.872
astar,60,07:30,1,692.919,0.000,306,57,1.833
greedy,60,07:30,1,755.256,8.996,30,33,0.152
bidijkstra,60,07:30,1,692.919,0.000,425,53,1.757
idastar,60,07:30,1,692.919,0.000,10540,18,14.979
beam,60,07:30,1,745.415,7.576,869,50,2.615
bfs,61,07:30,1,673.551,29.399,910,79,0.658
dfs,61,07:30,1,2707.849,420.218,163,54,0.718
iddfs,61,07:30,1,673.551,29.399,27882,22,57.309
ucs,61,07:30,1,520.522,0.000,849,69,4.322
dijkstra,61,07:30,1,520.522,0.000,849,69,3.127
astar,61,07:30,1,520.522,0.000,491,64,1.919
greedy,61,07:30,1,531.481,2.105,31,27,0.261
bidijkstra,61,07:30,1,520.522,0.000,471,64,2.000
idastar,61,07:30,1,524.930,0.847,138773,25,155.244
beam,61,07:30,1,673.551,29.399,777,50,2.564
bfs,62,07:30,1,984.122,14.400,1966,96,1.590
dfs,62,07:30,1,12298.970,1329.703,1709,246,40.682
iddfs,62,07:30,1,984.122,14.400,202841,34,545.066
ucs,62,07:30,1,860.246,0.000,1798,80,5.706
dijkstra,62,07:30,1,860.246,0.000,1798,80,3.877
astar,62,07:30,1,860.246,0.000,1410,83,6.040
greedy,62,07:30,1,987.452,14.787,71,38,0.397
bidijkstra,62,07:30,1,860.246,0.000,1038,81,3.405
idastar,62,07:30,1,860.246,0.000,691479,36,769.496
beam,62,07:30,1,984.122,14.400,1353,50,4.864
bfs,63,07:30,1,1266.751,63.132,1805,102,1.522
dfs,63,07:30,1,16680.675,2048.131,1503,239,31.163
iddfs,63,07:30,1,1266.751,63.132,112300,27,267.398
ucs,63,07:30,1,776.521,0.000,1508,89,3.914
dijkstra,63,07:30,1,776.521,0.000,1508,89,4.218
astar,63,07:30,1,776.521,0.000,1045,75,4.923
greedy,63,07:30,1,897.719,15.608,38,31,0.212
bidijkstra,63,07:30,1,776.521,0.000,718,95,2.985
idastar,63,07:30,1,776.521,0.000,365193,28,409.086
beam,63,07:30,1,836.503,7.725,1108,50,2.886
bfs,64,07:30,1,1423.331,54.217,1072,57,1.401
dfs,64,07:30,1,15727.242,1604.038,791,217,12.045
iddfs,64,07:30,1,1423.331,54.217,70876,35,199.927
ucs,64,07:30,1,922.940,0.000,1278,61,3.806
dijkstra,64,07:30,1,922.940,0.000,1278,61,2.723
astar,64,07:30,1,922.940,0.000,958,56,3.442
greedy,64,07:30,1,1147.512,24.332,55,36,0.203
bidijkstra,64,07:30,1,922.940,0.000,1149,105,4.413
idastar,64,07:30,1,922.940,0.000,444815,37,457.400
beam,64,07:30,1,1423.331,54.217,1101,50,2.555
bfs,65,07:30,1,806.378,14.216,1423,90,0.897
dfs,65,07:30,1,10720.323,1418.439,648,138,7.650
iddfs,65,07:30,1,806.378,14.216,85564,27,180.178
ucs,65,07:30,1,706.009,0.000,1335,86,2.900
dijkstra,65,07:30,1,706.009,0.000,1335,86,2.367
astar,65,07:30,1,706.009,0.000,915,82,4.114
greedy,65,07:30,1,880.042,24.650,38,30,0.140
bidijkstra,65,07:30,1,706.009,0.000,854,87,2.767
idastar,65,07:30,1,706.009,0.000,222244,29,224.663
beam,65,07:30,1,806.378,14.216,1129,50,4.033
bfs,66,07:30,1,1973.188,79.297,2040,81,1.266
dfs,66,07:30,1,9744.358,785.437,1906,233,37.058
iddfs,66,07:30,1,1973.188,79.297,397027,38,1088.510
ucs,66,07:30,1,1100.514,0.000,1951,71,4.133
dijkstra,66,07:30,1,1100.514,0.000,1951,71,5.272
astar,66,07:30,1,1100.514,0.000,1514,89,6.978
greedy,66,07:30,1,1802.946,63.828,119,51,0.333
bidijkstra,66,07:30,1,1100.514,0.000,1237,101,4.639
idastar,66,07:30,1,1100.514,0.000,1241871,37,1268.313
beam,66,07:30,1,1131.530,2.818,1736,50,3.956
bfs,67,07:30,1,1258.266,43.158,1098,60,1.160
dfs,67,07:30,1,12184.368,1286.266,1843,257,44.501
iddfs,67,07:30,1,1258.266,43.158,112664,36,345.034
ucs,67,07:30,1,878.935,0.000,1038,56,1.958
dijkstra,67,07:30,1,878.935,0.000,1038,56,1.660
astar,67,07:30,1,878.935,0.000,751,47,3.417
greedy,67,07:30,1,1390.618,58.216,61,58,0.319
bidijkstra,67,07:30,1,878.935,0.000,1073,92,3.854
idastar,67,07:30,1,882.620,0.419,684340,46,717.296
beam,67,07:30,1,1239.767,41.053,1043,50,2.666
bfs,68,07:30,1,1483.833,37.560,1927,64,1.550
dfs,68,07:30,1,9322.250,764.226,352,137,4.158
iddfs,68,07:30,1,1483.833,37.560,388226,47,1503.458
ucs,68,07:30,1,1078.682,0.000,1743,58,3.368
dijkstra,68,07:30,1,1078.682,0.000,1743,58,3.149
astar,68,07:30,1,1078.682,0.000,1371,74,5.196
greedy,68,07:30,1,1686.206,56.321,88,63,0.442
bidijkstra,68,07:30,1,1078.682,0.000,1232,89,5.846
idastar,68,07:30,1,1081.165,0.230,946413,51,1016.889
beam,68,07:30,1,1483.833,37.560,1844,50,6.062
bfs,69,07:30,1,1036.976,21.114,1458,77,0.920
dfs,69,07:30,1,14557.934,1600.305,826,196,13.002
iddfs,69,07:30,1,1036.976,21.114,99997,32,282.394
ucs,69,07:30,1,856.195,0.000,1131,57,2.315
dijkstra,69,07:30,1,856.195,0.000,1131,57,2.918
astar,69,07:30,1,856.195,0.000,834,52,4.954
greedy,69,07:30,1,1468.001,71.456,52,45,0.241
bidijkstra,69,07:30,1,856.195,0.000,798,87,3.026
idastar,69,07:30,1,860.757,0.533,278727,40,367.207
beam,69,07:30,1,957.127,11.788,1176,50,4.330
bfs,70,07:30,1,1821.379,92.417,2084,81,1.280
dfs,70,07:30,1,13120.726,1286.124,1847,237,39.558
iddfs,70,07:30,1,1821.379,92.417,503680,45,1745.288
ucs,70,07:30,1,946.577,0.000,1894,81,4.191
dijkstra,70,07:30,1,946.577,0.000,1894,81,5.575
astar,70,07:30,1,946.577,0.000,1480,97,5.653
greedy,70,07:30,1,1502.160,58.694,78,43,0.250
bidijkstra,70,07:30,1,946.577,0.000,1113,97,3.678
idastar,70,07:30,1,950.009,0.363,963743,40,1007.946
beam,70,07:30,1,1281.366,35.368,1993,50,6.217
bfs,71,07:30,1,592.415,31.681,647,82,0.400
dfs,71,07:30,1,8684.105,1830.293,1879,236,37.978
iddfs,71,07:30,1,592.415,31.681,13522,19,26.792
ucs,71,07:30,1,449.885,0.000,461,53,1.760
dijkstra,71,07:30,1,449.885,0.000,461,53,2.223
astar,71,07:30,1,449.885,0.000,316,47,1.217
greedy,71,07:30,1,1004.854,123.358,40,25,0.135
bidijkstra,71,07:30,1,449.885,0.000,396,77,1.302
idastar,71,07:30,1,449.885,0.000,16541,17,16.326
beam,71,07:30,1,449.885,0.000,607,50,1.390
bfs,72,07:30,1,1192.760,6.698,2101,99,1.070
dfs,72,07:30,1,13967.106,1149.420,1662,247,42.307
iddfs,72,07:30,1,1192.760,6.698,297335,36,822.397
ucs,72,07:30,1,1117.887,0.000,2087,81,5.109
dijkstra,72,07:30,1,1117.887,0.000,2087,81,6.226
astar,72,07:30,1,1117.887,0.000,2018,95,7.608
greedy,72,07:30,1,1164.295,4.151,61,46,0.251
bidijkstra,72,07:30,1,1117.887,0.000,1271,101,4.496
idastar,72,07:30,1,1120.803,0.261,3507332,51,3851.889
beam,72,07:30,0,,,1957,50,5.012
bfs,73,07:30,1,1440.363,78.983,1990,82,1.162
dfs,73,07:30,1,13618.541,1592.269,1529,236,32.079
iddfs,73,07:30,1,1440.363,78.983,244533,38,759.498
ucs,73,07:30,1,804.751,0.000,1447,82,3.380
dijkstra,73,07:30,1,804.751,0.000,1447,82,3.021
astar,73,07:30,1,804.751,0.000,1005,91,3.700
greedy,73,07:30,1,1333.603,65.716,82,54,0.276
bidijkstra,73,07:30,1,804.751,0.000,877,81,3.089
idastar,73,07:30,1,808.515,0.468,178947,32,192.200
beam,73,07:30,1,1070.796,33.059,1626,50,5.759
bfs,74,07:30,1,1919.170,24.408,2112,89,1.302
dfs,74,07:30,1,11622.926,653.441,1846,259,42.687
iddfs,74,07:30,1,1919.170,24.408,438735,44,1625.565
ucs,74,07:30,1,1542.646,0.000,2105,82,5.407
dijkstra,74,07:30,1,1542.646,0.000,2105,82,6.133
astar,74,07:30,1,1542.646,0.000,2063,93,7.846
greedy,74,07:30,1,3487.838,126.094,188,69,0.500
bidijkstra,74,07:30,1,1542.646,0.000,1083,94,4.866
idastar,74,07:30,1,1542.646,0.000,5423592,59,6680.883
beam,74,07:30,1,1919.170,24.408,1838,50,5.377
bfs,75,07:30,1,1043.681,13.835,1747,117,2.347
dfs,75,07:30,1,6935.940,656.510,389,113,3.844
iddfs,75,07:30,1,1043.681,13.835,93911,31,284.133
ucs,75,07:30,1,916.834,0.000,1834,94,4.950
dijkstra,75,07:30,1,916.834,0.000,1834,94,4.174
astar,75,07:30,1,916.834,0.000,1480,127,4.508
greedy,75,07:30,1,964.966,5.250,36,40,0.152
bidijkstra,75,07:30,1,916.834,0.000,833,87,3.127
idastar,75,07:30,1,916.834,0.000,773095,37,877.360
beam,75,07:30,1,962.443,4.975,1229,50,3.574
bfs,76,07:30,1,660.559,14.454,512,48,0.370
dfs,76,07:30,1,18946.784,3182.889,1380,261,41.272
iddfs,76,07:30,1,660.559,14.454,21722,26,51.976
ucs,76,07:30,1,577.138,0.000,494,34,1.578
dijkstra,76,07:30,1,577.138,0.000,494,34,1.529
astar,76,07:30,1,577.138,0.000,397,34,2.096
greedy,76,07:30,1,625.274,8.341,63,42,0.240
bidijkstra,76,07:30,1,577.138,0.000,496,68,1.893
idastar,76,07:30,1,577.138,0.000,188865,38,200.580
beam,76,07:30,1,660.559,14.454,490,45,1.325
bfs,77,07:30,1,494.060,20.315,540,58,0.381
dfs,77,07:30,1,17976.258,4277.639,1336,245,29.454
iddfs,77,07:30,1,494.060,20.315,11493,18,20.095
ucs,77,07:30,1,410.638,0.000,454,34,0.966
dijkstra,77,07:30,1,410.638,0.000,454,34,0.771
astar,77,07:30,1,410.638,0.000,366,36,1.208
greedy,77,07:30,1,597.704,45.555,33,22,0.118
bidijkstra,77,07:30,1,410.638,0.000,367,63,1.334
idastar,77,07:30,1,410.638,0.000,49881,26,47.317
beam,77,07:30,1,494.060,20.315,532,50,1.224
bfs,78,07:30,1,1344.273,118.562,749,84,0.834
dfs,78,07:30,1,11437.350,1759.575,784,134,8.151
iddfs,78,07:30,1,1344.273,118.562,15184,22,27.105
ucs,78,07:30,1,615.052,0.000,921,63,2.613
dijkstra,78,07:30,1,615.052,0.000,921,63,1.576
astar,78,07:30,1,615.052,0.000,620,52,1.740
greedy,78,07:30,1,1468.598,138.776,24,25,0.094
bidijkstra,78,07:30,1,615.052,0.000,674,75,2.056
idastar,78,07:30,1,615.052,0.000,123681,27,116.762
beam,78,07:30,1,798.607,29.844,595,50,1.307
bfs,79,07:30,1,724.541,31.697,1326,117,1.028
dfs,79,07:30,1,13161.513,2292.314,1164,198,21.951
iddfs,79,07:30,1,724.541,31.697,48730,26,100.744
ucs,79,07:30,1,550.158,0.000,530,61,1.165
dijkstra,79,07:30,1,550.158,0.000,530,61,1.092
astar,79,07:30,1,550.158,0.000,256,41,0.971
greedy,79,07:30,1,689.722,25.368,36,29,0.133
bidijkstra,79,07:30,1,550.158,0.000,536,62,1.828
idastar,79,07:30,1,550.409,0.046,51616,26,47.635
beam,79,07:30,1,689.722,25.368,879,50,2.288
bfs,80,07:30,1,1132.945,93.027,1019,93,1.041
dfs,80,07:30,1,12026.136,1948.967,864,148,10.203
iddfs,80,07:30,1,1132.945,93.027,25236,19,41.744
ucs,80,07:30,1,586.936,0.000,1087,79,2.488
dijkstra,80,07:30,1,586.936,0.000,1087,79,1.727
astar,80,07:30,1,586.936,0.000,653,66,1.823
greedy,80,07:30,1,948.828,61.658,29,25,0.085
bidijkstra,80,07:30,1,586.936,0.000,542,97,1.614
idastar,80,07:30,1,587.009,0.012,84557,26,80.265
beam,80,07:30,1,620.954,5.796,845,50,2.521
bfs,81,07:30,1,1263.054,35.859,1567,84,0.976
dfs,81,07:30,1,4919.898,429.204,304,81,2.169
iddfs,81,07:30,1,1263.054,35.859,111280,30,302.300
ucs,81,07:30,1,929.680,0.000,1614,73,5.193
dijkstra,81,07:30,1,929.680,0.000,1614,73,2.981
astar,81,07:30,1,929.680,0.000,1090,67,3.187
greedy,81,07:30,1,1517.628,63.242,60,47,0.184
bidijkstra,81,07:30,1,929.680,0.000,848,74,3.633
idastar,81,07:30,1,930.088,0.044,389698,35,377.699
beam,81,07:30,1,1188.580,27.848,1234,50,4.299
bfs,82,07:30,1,1277.046,77.549,1351,67,0.853
dfs,82,07:30,1,15732.917,2087.366,1044,212,18.045
iddfs,82,07:30,1,1277.046,77.549,109686,26,231.839
ucs,82,07:30,1,719.263,0.000,1287,65,3.221
dijkstra,82,07:30,1,719.263,0.000,1287,65,2.991
astar,82,07:30,1,719.263,0.000,970,86,3.785
greedy,82,07:30,1,1125.407,56.467,41,39,0.226
bidijkstra,82,07:30,1,719.263,0.000,798,93,3.228
idastar,82,07:30,1,723.973,0.655,698815,39,646.620
beam,82,07:30,1,759.734,5.627,1296,50,2.810
bfs,83,07:30,1,1297.832,2.264,289,30,0.144
dfs,83,07:30,1,17021.413,1241.214,1069,230,17.302
iddfs,83,07:30,1,1297.832,2.264,7914,17,12.650
ucs,83,07:30,1,1269.105,0.000,306,25,0.582
dijkstra,83,07:30,1,1269.105,0.000,306,25,0.478
astar,83,07:30,1,1269.105,0.000,231,24,0.661
greedy,83,07:30,1,1292.402,1.836,53,12,0.111
bidijkstra,83,07:30,1,1269.105,0.000,1328,93,4.698
idastar,83,07:30,1,1269.275,0.013,39791,22,34.439
beam,83,07:30,1,1292.402,1.836,275,27,0.790
bfs,84,07:30,1,1600.381,72.558,1802,93,1.328
dfs,84,07:30,1,9500.257,924.346,1738,221,34.264
iddfs,84,07:30,1,1600.381,72.558,224852,31,489.920
ucs,84,07:30,1,927.446,0.000,1858,69,3.599
dijkstra,84,07:30,1,927.446,0.000,1858,69,4.232
astar,84,07:30,1,927.446,0.000,1531,87,4.732
greedy,84,07:30,1,1833.459,97.689,66,57,0.233
bidijkstra,84,07:30,1,927.446,0.000,1410,115,4.795
idastar,84,07:30,1,930.266,0.304,1610849,47,1588.863
beam,84,07:30,1,996.785,7.476,1767,50,4.534
bfs,85,07:30,1,652.339,2.070,342,52,0.233
dfs,85,07:30,1,14233.621,2127.095,1712,190,36.075
iddfs,85,07:30,1,652.339,2.070,5437,16,9.022
ucs,85,07:30,1,639.112,0.000,969,97,2.494
dijkstra,85,07:30,1,639.112,0.000,969,97,3.004
astar,85,07:30,1,639.112,0.000,441,57,1.990
greedy,85,07:30,1,997.087,56.011,88,20,0.260
bidijkstra,85,07:30,1,639.112,0.000,505,57,1.758
idastar,85,07:30,1,640.232,0.175,88025,34,88.360
beam,85,07:30,1,652.339,2.070,358,48,1.376
bfs,86,07:30,1,1583.597,2.019,304,33,0.208
dfs,86,07:30,1,17609.096,1034.423,1184,229,22.648
iddfs,86,07:30,1,1583.597,2.019,9266,18,16.234
ucs,86,07:30,1,1552.251,0.000,419,32,0.887
dijkstra,86,07:30,1,1552.251,0.000,419,32,0.756
astar,86,07:30,1,1552.251,0.000,315,31,1.121
greedy,86,07:30,1,1552.421,0.011,58,24,0.173
bidijkstra,86,07:30,1,1552.251,0.000,1818,92,7.536
idastar,86,07:30,1,1552.421,0.011,77824,25,75.911
beam,86,07:30,1,1565.898,0.879,312,32,0.969
bfs,87,07:30,1,790.702,0.916,1344,80,0.985
dfs,87,07:30,1,6942.753,786.091,458,129,5.370
iddfs,87,07:30,1,790.702,0.916,80869,30,206.027
ucs,87,07:30,1,783.526,0.000,1504,85,4.721
dijkstra,87,07:30,1,783.526,0.000,1504,85,3.551
astar,87,07:30,1,783.526,0.000,983,79,3.661
greedy,87,07:30,1,838.011,6.954,44,44,0.235
bidijkstra,87,07:30,1,783.526,0.000,746,77,3.131
idastar,87,07:30,1,783.526,0.000,573872,39,529.073
beam,87,07:30,1,783.526,0.000,1157,50,2.528
bfs,88,07:30,1,874.734,19.848,1122,102,0.680
dfs,88,07:30,1,4423.936,506.124,269,70,1.799
iddfs,88,07:30,1,874.734,19.848,32319,24,64.995
ucs,88,07:30,1,729.873,0.000,1695,95,3.838
dijkstra,88,07:30,1,729.873,0.000,1695,95,4.432
astar,88,07:30,1,729.873,0.000,1234,112,4.506
greedy,88,07:30,1,991.037,35.782,34,37,0.151
bidijkstra,88,07:30,1,729.873,0.000,860,94,3.591
idastar,88,07:30,1,729.873,0.000,299656,33,299.293
beam,88,07:30,1,1229.270,68.423,1920,50,5.666
bfs,89,07:30,1,713.008,6.094,614,77,0.418
dfs,89,07:30,1,20953.016,3017.774,1280,239,25.061
iddfs,89,07:30,1,713.008,6.094,8164,16,16.602
ucs,89,07:30,1,672.050,0.000,741,74,2.704
dijkstra,89,07:30,1,672.050,0.000,741,74,2.015
astar,89,07:30,1,672.050,0.000,421,63,2.118
greedy,89,07:30,1,750.334,11.649,35,20,0.125
bidijkstra,89,07:30,1,672.050,0.000,388,44,1.278
idastar,89,07:30,1,672.050,0.000,28328,16,29.840
beam,89,07:30,1,703.986,4.752,501,50,1.427
bfs,90,07:30,1,509.276,8.515,1023,123,0.665
dfs,90,07:30,1,7879.936,1579.041,502,133,4.576
iddfs,90,07:30,1,509.276,8.515,27691,19,47.737
ucs,90,07:30,1,469.312,0.000,657,71,1.307
dijkstra,90,07:30,1,469.312,0.000,657,71,1.304
astar,90,07:30,1,469.312,0.000,250,34,0.893
greedy,90,07:30,1,552.381,17.700,34,20,0.094
bidijkstra,90,07:30,1,469.312,0.000,188,41,0.541
idastar,90,07:30,1,469.312,0.000,21682,19,20.375
beam,90,07:30,1,509.276,8.515,767,50,2.141
bfs,91,07:30,1,761.857,33.290,1617,122,1.005
dfs,91,07:30,1,10753.810,1781.424,635,164,7.065
iddfs,91,07:30,1,761.857,33.290,78366,27,171.897
ucs,91,07:30,1,571.578,0.000,745,69,3.077
dijkstra,91,07:30,1,571.578,0.000,745,69,1.570
astar,91,07:30,1,571.578,0.000,423,52,1.285
greedy,91,07:30,1,778.728,36.242,95,27,0.198
bidijkstra,91,07:30,1,571.578,0.000,301,41,0.766
idastar,91,07:30,1,571.578,0.000,116392,32,104.852
beam,91,07:30,1,760.166,32.994,1014,50,2.668
bfs,92,07:30,1,916.644,32.207,809,83,1.224
dfs,92,07:30,1,17987.939,2494.387,1263,238,23.179
iddfs,92,07:30,1,916.644,32.207,25691,20,44.851
ucs,92,07:30,1,693.341,0.000,1006,69,1.740
dijkstra,92,07:30,1,693.341,0.000,1006,69,2.274
astar,92,07:30,1,693.341,0.000,621,75,2.664
greedy,92,07:30,1,803.624,15.906,34,29,0.113
bidijkstra,92,07:30,1,693.341,0.000,589,85,1.780
idastar,92,07:30,1,693.341,0.000,104276,23,96.773
beam,92,07:30,1,821.610,18.500,760,50,2.267
bfs,93,07:30,1,1784.218,63.818,1731,75,1.206
dfs,93,07:30,1,7437.081,582.834,1964,272,50.410
iddfs,93,07:30,1,1784.218,63.818,151643,35,402.432
ucs,93,07:30,1,1089.150,0.000,1751,66,4.207
dijkstra,93,07:30,1,1089.150,0.000,1751,66,3.715
astar,93,07:30,1,1089.150,0.000,1381,79,4.998
greedy,93,07:30,1,1290.903,18.524,54,50,0.225
bidijkstra,93,07:30,1,1089.150,0.000,1154,97,4.877
idastar,93,07:30,1,1089.150,0.000,531884,36,507.776
beam,93,07:30,1,1306.865,19.989,1733,50,5.045
bfs,94,07:30,1,979.796,5.979,1888,75,1.128
dfs,94,07:30,1,13213.255,1329.207,798,193,11.591
iddfs,94,07:30,1,979.796,5.979,328488,34,810.700
ucs,94,07:30,1,924.517,0.000,1601,78,3.109
dijkstra,94,07:30,1,924.517,0.000,1601,78,3.089
astar,94,07:30,1,924.517,0.000,1055,82,3.340
greedy,94,07:30,1,1103.985,19.412,80,43,0.320
bidijkstra,94,07:30,1,924.517,0.000,894,70,2.936
idastar,94,07:30,1,925.976,0.158,611882,35,576.291
beam,94,07:30,1,979.796,5.979,1727,50,6.294
bfs,95,07:30,1,1016.444,13.198,1980,102,1.168
dfs,95,07:30,1,12233.803,1262.443,1676,233,35.006
iddfs,95,07:30,1,1016.444,13.198,254749,35,639.327
ucs,95,07:30,1,897.932,0.000,1894,74,4.664
dijkstra,95,07:30,1,897.932,0.000,1894,74,3.478
astar,95,07:30,1,897.932,0.000,1569,85,5.341
greedy,95,07:30,1,1640.060,82.649,80,60,0.248
bidijkstra,95,07:30,1,897.932,0.000,1325,116,5.146
idastar,95,07:30,1,897.932,0.000,1352667,39,1264.371
beam,95,07:30,1,964.376,7.400,1666,50,3.725
bfs,96,07:30,1,1373.536,40.522,1691,74,1.086
dfs,96,07:30,1,10209.487,944.499,644,185,8.308
iddfs,96,07:30,1,1373.536,40.522,229044,38,652.296
ucs,96,07:30,1,977.453,0.000,1535,78,3.410
dijkstra,96,07:30,1,977.453,0.000,1535,78,2.837
astar,96,07:30,1,977.453,0.000,987,82,3.201
greedy,96,07:30,1,1153.625,18.024,155,34,0.508
bidijkstra,96,07:30,1,977.453,0.000,696,62,2.639
idastar,96,07:30,1,977.453,0.000,557875,43,512.802
beam,96,07:30,1,979.538,0.213,1583,50,4.393
bfs,97,07:30,1,1006.345,4.320,1594,90,0.960
dfs,97,07:30,1,6642.204,588.546,1971,247,44.798
iddfs,97,07:30,1,1006.345,4.320,118106,29,305.149
ucs,97,07:30,1,964.672,0.000,1939,83,3.877
dijkstra,97,07:30,1,964.672,0.000,1939,83,3.368
astar,97,07:30,1,964.672,0.000,1592,93,7.237
greedy,97,07:30,1,2434.129,152.327,76,55,0.384
bidijkstra,97,07:30,1,964.672,0.000,996,87,3.287
idastar,97,07:30,1,964.672,0.000,1125750,43,1073.059
beam,97,07:30,1,1211.442,25.581,1695,50,4.743
bfs,98,07:30,1,541.801,17.117,499,67,0.250
dfs,98,07:30,1,7525.964,1526.831,274,122,2.051
iddfs,98,07:30,1,541.801,17.117,14515,23,23.929
ucs,98,07:30,1,462.615,0.000,499,44,1.279
dijkstra,98,07:30,1,462.615,0.000,499,44,0.855
astar,98,07:30,1,462.615,0.000,333,44,1.336
greedy,98,07:30,1,862.571,86.456,46,32,0.189
bidijkstra,98,07:30,1,462.615,0.000,343,59,1.133
idastar,98,07:30,1,462.615,0.000,25747,23,23.480
beam,98,07:30,1,541.801,17.117,488,50,1.096
bfs,99,07:30,1,1338.399,88.524,1704,118,0.869
dfs,99,07:30,1,12876.281,1713.727,1786,240,37.243
iddfs,99,07:30,1,1338.399,88.524,85173,26,176.465
ucs,99,07:30,1,709.935,0.000,1616,95,3.585
dijkstra,99,07:30,1,709.935,0.000,1616,95,2.694
astar,99,07:30,1,709.935,0.000,1038,95,3.266
greedy,99,07:30,1,990.420,39.509,81,53,0.259
bidijkstra,99,07:30,1,709.935,0.000,940,108,3.753
idastar,99,07:30,1,709.935,0.000,243595,31,253.734
beam,99,07:30,1,892.678,25.741,1405,50,5.189
bfs,100,07:30,1,835.120,7.739,1950,106,2.364
dfs,100,07:30,1,10392.371,1240.722,1906,183,36.379
iddfs,100,07:30,1,835.120,7.739,197360,34,505.359
ucs,100,07:30,1,775.132,0.000,1829,86,3.648
dijkstra,100,07:30,1,775.132,0.000,1829,86,3.555
astar,100,07:30,1,775.132,0.000,1355,107,6.440
greedy,100,07:30,1,1405.083,81.270,54,42,0.218
bidijkstra,100,07:30,1,775.132,0.000,880,102,3.109
idastar,100,07:30,1,775.132,0.000,446862,31,491.960
beam,100,07:30,1,835.120,7.739,1347,50,4.142
bfs,101,07:30,1,1531.005,10.296,1700,77,1.223
dfs,101,07:30,1,13741.209,889.942,751,181,12.838
iddfs,101,07:30,1,1531.005,10.296,155969,34,439.494
ucs,101,07:30,1,1388.082,0.000,2064,64,3.732
dijkstra,101,07:30,1,1388.082,0.000,2064,64,3.373
astar,101,07:30,1,1388.082,0.000,1778,62,6.525
greedy,101,07:30,1,2425.395,74.730,83,52,0.263
bidijkstra,101,07:30,1,1388.082,0.000,896,58,3.819
idastar,101,07:30,1,1388.313,0.017,3370714,56,3281.294
beam,101,07:30,1,1531.005,10.296,1379,50,4.750
bfs,102,07:30,1,1163.681,29.078,1686,121,1.188
dfs,102,07:30,1,12702.367,1308.971,859,173,12.723
iddfs,102,07:30,1,1163.681,29.078,82459,25,172.869
ucs,102,07:30,1,901.535,0.000,1750,87,4.334
dijkstra,102,07:30,1,901.535,0.000,1750,87,3.460
astar,102,07:30,1,901.535,0.000,1057,74,3.024
greedy,102,07:30,1,1503.112,66.728,46,37,0.137
bidijkstra,102,07:30,1,901.535,0.000,724,87,2.709
idastar,102,07:30,1,904.562,0.336,172909,30,166.543
beam,102,07:30,1,901.535,0.000,1300,50,3.187
bfs,103,07:30,1,608.008,13.284,1345,92,1.525
dfs,103,07:30,1,4393.466,718.594,134,58,0.760
iddfs,103,07:30,1,608.008,13.284,59524,28,129.058
ucs,103,07:30,1,536.709,0.000,1038,72,2.580
dijkstra,103,07:30,1,536.709,0.000,1038,72,1.724
astar,103,07:30,1,536.709,0.000,720,73,2.594
greedy,103,07:30,1,834.762,55.534,34,30,0.121
bidijkstra,103,07:30,1,536.709,0.000,544,80,1.589
idastar,103,07:30,1,536.709,0.000,192068,35,174.133
beam,103,07:30,1,589.845,9.900,950,50,2.106
bfs,104,07:30,1,925.569,13.824,1896,117,1.611
dfs,104,07:30,1,13988.731,1620.302,1357,196,24.276
iddfs,104,07:30,1,925.569,13.824,130172,31,352.904
ucs,104,07:30,1,813.156,0.000,1212,96,3.459
dijkstra,104,07:30,1,813.156,0.000,1212,96,2.785
astar,104,07:30,1,813.156,0.000,627,72,2.962
greedy,104,07:30,1,1012.820,24.554,54,49,0.322
bidijkstra,104,07:30,1,813.156,0.000,580,70,1.902
idastar,104,07:30,1,815.347,0.270,168939,30,163.605
beam,104,07:30,1,919.730,13.106,1198,50,4.729
bfs,105,07:30,1,993.149,13.692,1380,81,1.034
dfs,105,07:30,1,8085.211,825.568,467,131,4.937
iddfs,105,07:30,1,993.149,13.692,95248,28,210.530
ucs,105,07:30,1,873.540,0.000,1692,90,3.826
dijkstra,105,07:30,1,873.540,0.000,1692,90,3.712
astar,105,07:30,1,873.540,0.000,1188,88,4.725
greedy,105,07:30,1,1510.791,72.950,147,65,0.665
bidijkstra,105,07:30,1,873.540,0.000,707,71,2.378
idastar,105,07:30,1,873.540,0.000,509510,41,532.482
beam,105,07:30,1,1234.390,41.309,1824,50,4.942
bfs,106,07:30,1,1267.076,13.266,1450,76,1.135
dfs,106,07:30,1,8025.296,617.393,1851,257,40.934
iddfs,106,07:30,1,1267.076,13.266,128944,25,270.945
ucs,106,07:30,1,1118.675,0.000,1407,64,3.758
dijkstra,106,07:30,1,1118.675,0.000,1407,64,3.787
astar,106,07:30,1,1118.675,0.000,1096,77,3.546
greedy,106,07:30,1,1200.037,7.273,58,45,0.231
bidijkstra,106,07:30,1,1118.675,0.000,739,89,2.574
idastar,106,07:30,1,1120.679,0.179,601348,32,582.902
beam,106,07:30,1,1267.076,13.266,1217,50,3.794
bfs,107,07:30,1,1601.618,36.267,1375,74,0.991
dfs,107,07:30,1,8950.101,661.482,474,127,5.250
iddfs,107,07:30,1,1601.618,36.267,97736,34,247.719
ucs,107,07:30,1,1175.353,0.000,1928,82,3.967
dijkstra,107,07:30,1,1175.353,0.000,1928,82,4.328
astar,107,07:30,1,1175.353,0.000,1392,78,5.503
greedy,107,07:30,1,2634.658,124.159,273,58,1.240
bidijkstra,107,07:30,1,1175.353,0.000,647,63,1.908
idastar,107,07:30,1,1175.353,0.000,1765795,51,1792.072
beam,107,07:30,1,1460.086,24.225,1215,50,3.535
bfs,108,07:30,1,777.069,13.798,2008,140,1.240
dfs,108,07:30,1,13072.033,1814.331,1795,226,38.803
iddfs,108,07:30,1,777.069,13.798,174741,28,387.926
ucs,108,07:30,1,682.851,0.000,1460,96,3.732
dijkstra,108,07:30,1,682.851,0.000,1460,96,3.340
astar,108,07:30,1,682.851,0.000,642,73,2.224
greedy,108,07:30,1,870.159,27.430,55,47,0.219
bidijkstra,108,07:30,1,682.851,0.000,582,67,1.958
idastar,108,07:30,1,686.073,0.472,109306,25,113.539
beam,108,07:30,1,777.069,13.798,1271,50,3.645
bfs,109,07:30,1,1225.817,39.643,1583,74,1.160
dfs,109,07:30,1,14007.326,1495.686,1669,280,44.096
iddfs,109,07:30,1,1225.817,39.643,133575,36,414.499
ucs,109,07:30,1,877.825,0.000,1281,57,4.642
dijkstra,109,07:30,1,877.825,0.000,1281,57,2.617
astar,109,07:30,1,877.825,0.000,973,54,3.280
greedy,109,07:30,1,1069.873,21.878,76,47,0.263
bidijkstra,109,07:30,1,877.825,0.000,723,63,2.590
idastar,109,07:30,1,879.676,0.211,387302,37,466.339
beam,109,07:30,1,1169.946,33.278,1205,50,3.995
bfs,110,07:30,1,840.471,11.926,955,82,0.774
dfs,110,07:30,1,4925.164,555.887,226,87,1.313
iddfs,110,07:30,1,840.471,11.926,30739,22,66.601
ucs,110,07:30,1,750.917,0.000,1507,75,3.310
dijkstra,110,07:30,1,750.917,0.000,1507,75,3.152
astar,110,07:30,1,750.917,0.000,1037,65,3.598
greedy,110,07:30,1,1024.764,36.468,36,35,0.139
bidijkstra,110,07:30,1,750.917,0.000,646,77,1.885
idastar,110,07:30,1,750.917,0.000,1140004,46,1121.328
beam,110,07:30,1,840.471,11.926,794,50,2.007
bfs,111,07:30,1,931.268,23.478,1349,81,0.935
dfs,111,07:30,1,13299.142,1663.350,1775,245,37.725
iddfs,111,07:30,1,931.268,23.478,83682,27,169.813
ucs,111,07:30,1,754.198,0.000,1434,85,2.573
dijkstra,111,07:30,1,754.198,0.000,1434,85,3.977
astar,111,07:30,1,754.198,0.000,1132,88,4.108
greedy,111,07:30,1,816.200,8.221,50,35,0.166
bidijkstra,111,07:30,1,754.198,0.000,964,105,3.158
idastar,111,07:30,1,754.198,0.000,390207,32,385.258
beam,111,07:30,1,794.753,5.377,1107,50,3.602
bfs,112,07:30,1,984.937,7.103,1146,69,0.719
dfs,112,07:30,1,15261.445,1559.546,766,215,11.581
iddfs,112,07:30,1,984.937,7.103,52837,31,151.597
ucs,112,07:30,1,919.616,0.000,1410,55,3.638
dijkstra,112,07:30,1,919.616,0.000,1410,55,4.817
astar,112,07:30,1,919.616,0.000,1001,58,3.570
greedy,112,07:30,1,1033.547,12.389,36,36,0.136
bidijkstra,112,07:30,1,919.616,0.000,1249,111,5.954
idastar,112,07:30,1,923.380,0.409,424305,42,474.377
beam,112,07:30,1,984.937,7.103,989,50,2.679
bfs,113,07:30,1,822.894,5.698,959,64,0.514
dfs,113,07:30,1,18691.085,2300.802,1130,255,24.519
iddfs,113,07:30,1,822.894,5.698,58182,29,148.451
ucs,113,07:30,1,778.535,0.000,1108,57,2.594
dijkstra,113,07:30,1,778.535,0.000,1108,57,2.360
astar,113,07:30,1,778.535,0.000,742,48,2.582
greedy,113,07:30,1,873.628,12.214,43,34,0.176
bidijkstra,113,07:30,1,778.535,0.000,788,70,4.480
idastar,113,07:30,1,778.535,0.000,580341,38,610.146
beam,113,07:30,1,822.894,5.698,875,50,1.852
bfs,114,07:30,1,1203.982,64.388,1659,98,1.039
dfs,114,07:30,1,10498.634,1333.450,1767,173,23.404
iddfs,114,07:30,1,1203.982,64.388,124055,32,350.229
ucs,114,07:30,1,732.403,0.000,1513,81,6.197
dijkstra,114,07:30,1,732.403,0.000,1513,81,6.120
astar,114,07:30,1,732.403,0.000,1058,83,5.367
greedy,114,07:30,1,849.179,15.944,59,47,0.427
bidijkstra,114,07:30,1,732.403,0.000,1100,158,5.794
idastar,114,07:30,1,732.403,0.000,281225,36,374.060
beam,114,07:30,1,916.902,25.191,1260,50,5.006
bfs,115,07:30,1,1143.726,22.910,2102,88,1.172
dfs,115,07:30,1,14085.207,1413.659,1788,238,40.808
iddfs,115,07:30,1,1143.726,22.910,430720,43,1354.936
ucs,115,07:30,1,930.540,0.000,1989,75,4.805
dijkstra,115,07:30,1,930.540,0.000,1989,75,6.247
astar,115,07:30,1,930.540,0.000,1717,99,6.688
greedy,115,07:30,1,2395.719,157.455,121,64,0.372
bidijkstra,115,07:30,1,930.540,0.000,1210,108,6.327
idastar,115,07:30,1,931.063,0.056,1071979,39,1168.230
beam,115,07:30,1,1143.726,22.910,1755,50,6.531
bfs,116,07:30,1,718.218,12.921,450,72,0.262
dfs,116,07:30,1,4661.088,632.833,1719,194,31.685
iddfs,116,07:30,1,718.218,12.921,7602,18,13.741
ucs,116,07:30,1,636.036,0.000,818,85,1.930
dijkstra,116,07:30,1,636.036,0.000,818,85,2.197
astar,116,07:30,1,636.036,0.000,412,53,1.774
greedy,116,07:30,1,878.617,38.139,114,27,0.429
bidijkstra,116,07:30,1,636.036,0.000,477,47,2.004
idastar,116,07:30,1,636.036,0.000,100064,31,90.522
beam,116,07:30,1,679.994,6.911,454,50,1.186
bfs,117,07:30,1,647.569,0.000,207,35,0.133
dfs,117,07:30,1,7178.416,1008.517,1843,195,35.192
iddfs,117,07:30,1,647.569,0.000,2886,13,4.528
ucs,117,07:30,1,647.569,0.000,245,44,0.853
dijkstra,117,07:30,1,647.569,0.000,245,44,0.713
astar,117,07:30,1,647.569,0.000,160,21,0.854
greedy,117,07:30,1,647.569,0.000,33,14,0.102
bidijkstra,117,07:30,1,647.569,0.000,494,64,1.677
idastar,117,07:30,1,647.569,0.000,20595,23,21.323
beam,117,07:30,1,647.569,0.000,213,31,0.701
bfs,118,07:30,1,1301.102,42.064,1236,59,1.301
dfs,118,07:30,1,12377.805,1251.496,514,190,6.790
iddfs,118,07:30,1,1301.102,42.064,114293,35,338.832
ucs,118,07:30,1,915.859,0.000,1410,56,4.325
dijkstra,118,07:30,1,915.859,0.000,1410,56,2.739
astar,118,07:30,1,915.859,0.000,1097,63,4.009
greedy,118,07:30,1,1284.038,40.200,38,36,0.229
bidijkstra,118,07:30,1,915.859,0.000,1317,121,6.403
idastar,118,07:30,1,915.859,0.000,998924,47,1034.242
beam,118,07:30,1,1301.102,42.064,1230,50,4.555
bfs,119,07:30,1,1124.128,67.459,1676,103,1.795
dfs,119,07:30,1,10424.793,1452.960,427,154,5.223
iddfs,119,07:30,1,1124.128,67.459,122179,31,400.135
ucs,119,07:30,1,671.285,0.000,1462,74,4.114
dijkstra,119,07:30,1,671.285,0.000,1462,74,3.535
astar,119,07:30,1,671.285,0.000,920,76,3.001
greedy,119,07:30,1,1199.568,78.697,42,40,0.171
bidijkstra,119,07:30,1,671.285,0.000,987,115,4.252
idastar,119,07:30,1,673.769,0.370,223459,31,222.780
beam,119,07:30,1,746.795,11.248,1131,50,2.583
bfs,120,07:30,1,1606.386,119.034,2016,96,2.058
dfs,120,07:30,1,13591.971,1753.294,1633,241,37.993
iddfs,120,07:30,1,1606.386,119.034,230498,34,708.446
ucs,120,07:30,1,733.395,0.000,1668,82,3.452
dijkstra,120,07:30,1,733.395,0.000,1668,82,4.412
astar,120,07:30,1,733.395,0.000,1130,100,4.305
greedy,120,07:30,1,1397.389,90.537,72,53,0.229
bidijkstra,120,07:30,1,733.395,0.000,929,102,3.127
idastar,120,07:30,1,733.395,0.000,241256,32,251.883
beam,120,07:30,1,954.856,30.197,1709,50,4.892
bfs,121,07:30,1,883.154,20.541,778,71,0.494
dfs,121,07:30,1,17327.269,2264.983,1145,235,21.207
iddfs,121,07:30,1,883.154,20.541,40426,26,99.199
ucs,121,07:30,1,732.659,0.000,699,54,1.447
dijkstra,121,07:30,1,732.659,0.000,699,54,1.385
astar,121,07:30,1,732.659,0.000,568,40,2.623
greedy,121,07:30,1,747.835,2.071,58,29,0.211
bidijkstra,121,07:30,1,732.659,0.000,603,81,1.981
idastar,121,07:30,1,733.645,0.135,106282,40,100.399
beam,121,07:30,1,841.116,14.803,754,50,1.700
bfs,122,07:30,1,1763.461,13.227,1504,79,0.845
dfs,122,07:30,1,10900.788,599.908,1859,228,35.075
iddfs,122,07:30,1,1763.461,13.227,167719,33,429.551
ucs,122,07:30,1,1557.459,0.000,1469,70,3.313
dijkstra,122,07:30,1,1557.459,0.000,1469,70,4.882
astar,122,07:30,1,1557.459,0.000,1143,67,3.845
greedy,122,07:30,1,1759.473,12.971,137,56,0.438
bidijkstra,122,07:30,1,1557.459,0.000,1163,84,3.836
idastar,122,07:30,1,1560.487,0.194,1151509,35,1234.378
beam,122,07:30,1,1671.648,7.332,1345,50,2.957
bfs,123,07:30,1,687.161,26.797,567,68,0.335
dfs,123,07:30,1,8718.860,1508.826,520,150,6.079
iddfs,123,07:30,1,687.161,26.797,11291,19,19.659
ucs,123,07:30,1,541.939,0.000,511,61,0.955
dijkstra,123,07:30,1,541.939,0.000,511,61,0.790
astar,123,07:30,1,541.939,0.000,270,42,0.850
greedy,123,07:30,1,701.077,29.365,26,24,0.081
bidijkstra,123,07:30,1,541.939,0.000,356,43,1.003
idastar,123,07:30,1,542.190,0.046,62710,27,55.093
beam,123,07:30,1,687.161,26.797,490,50,2.283
bfs,124,07:30,1,722.328,28.471,869,96,0.549
dfs,124,07:30,1,7657.124,1261.872,475,125,3.989
iddfs,124,07:30,1,722.328,28.471,19552,18,34.883
ucs,124,07:30,1,562.250,0.000,1047,78,2.620
dijkstra,124,07:30,1,562.250,0.000,1047,78,2.057
astar,124,07:30,1,562.250,0.000,489,63,1.645
greedy,124,07:30,1,823.230,46.417,59,32,0.201
bidijkstra,124,07:30,1,562.250,0.000,454,57,1.783
idastar,124,07:30,1,564.596,0.417,85755,23,81.217
beam,124,07:30,1,722.328,28.471,687,50,1.913
bfs,125,07:30,1,529.233,25.195,513,71,0.417
dfs,125,07:30,1,16617.308,3830.989,1581,258,38.274
iddfs,125,07:30,1,529.233,25.195,8824,22,17.084
ucs,125,07:30,1,422.726,0.000,367,32,0.629
dijkstra,125,07:30,1,422.726,0.000,367,32,0.510
astar,125,07:30,1,422.726,0.000,251,24,0.700
greedy,125,07:30,1,475.423,12.466,41,30,0.108
bidijkstra,125,07:30,1,422.726,0.000,202,28,0.512
idastar,125,07:30,1,422.726,0.000,12326,26,11.466
beam,125,07:30,1,518.335,22.617,488,50,1.335
bfs,126,07:30,1,732.471,11.830,881,76,0.698
dfs,126,07:30,1,4393.283,570.744,86,35,0.280
iddfs,126,07:30,1,732.471,11.830,38987,20,70.472
ucs,126,07:30,1,654.987,0.000,614,55,1.167
dijkstra,126,07:30,1,654.987,0.000,614,55,1.037
astar,126,07:30,1,654.987,0.000,434,43,1.366
greedy,126,07:30,1,2669.441,307.556,83,37,0.228
bidijkstra,126,07:30,1,654.987,0.000,533,60,2.254
idastar,126,07:30,1,654.987,0.000,75592,26,67.798
beam,126,07:30,1,732.471,11.830,760,50,2.225
bfs,127,07:30,1,2094.364,45.097,1061,69,0.689
dfs,127,07:30,1,3692.078,155.786,124,72,0.542
iddfs,127,07:30,1,2094.364,45.097,55142,28,125.293
ucs,127,07:30,1,1443.423,0.000,2112,92,3.748
dijkstra,127,07:30,1,1443.423,0.000,2112,92,3.466
astar,127,07:30,1,1443.423,0.000,2018,77,8.506
greedy,127,07:30,1,2564.647,77.678,80,30,0.257
bidijkstra,127,07:30,1,1443.423,0.000,760,94,2.479
idastar,127,07:30,1,1444.598,0.081,5947456,64,6105.631
beam,127,07:30,1,1459.506,1.114,1545,50,3.330
bfs,128,07:30,1,1168.689,46.938,1033,56,0.999
dfs,128,07:30,1,13038.649,1539.333,568,199,6.904
iddfs,128,07:30,1,1168.689,46.938,82923,37,226.932
ucs,128,07:30,1,795.363,0.000,1030,55,3.116
dijkstra,128,07:30,1,795.363,0.000,1030,55,2.320
astar,128,07:30,1,795.363,0.000,736,43,2.462
greedy,128,07:30,1,1373.171,72.647,38,39,0.151
bidijkstra,128,07:30,1,795.363,0.000,967,104,4.737
idastar,128,07:30,1,799.191,0.481,525095,46,546.270
beam,128,07:30,1,1168.689,46.938,1055,50,3.582
bfs,129,07:30,1,1050.195,30.461,1191,84,0.924
dfs,129,07:30,1,5524.782,586.319,353,87,2.467
iddfs,129,07:30,1,1050.195,30.461,58659,28,140.259
ucs,129,07:30,1,804.987,0.000,1332,71,3.326
dijkstra,129,07:30,1,804.987,0.000,1332,71,2.485
astar,129,07:30,1,804.987,0.000,904,66,2.908
greedy,129,07:30,1,1501.677,86.547,59,46,0.194
bidijkstra,129,07:30,1,804.987,0.000,778,68,2.734
idastar,129,07:30,1,805.396,0.051,229041,32,226.886
beam,129,07:30,1,1144.627,42.192,1189,50,2.855
bfs,130,07:30,1,1248.352,6.961,1858,93,1.251
dfs,130,07:30,1,8665.234,642.453,520,123,5.560
iddfs,130,07:30,1,1248.352,6.961,201939,37,607.445
ucs,130,07:30,1,1167.109,0.000,2074,89,3.970
dijkstra,130,07:30,1,1167.109,0.000,2074,89,4.993
astar,130,07:30,1,1167.109,0.000,1799,84,6.207
greedy,130,07:30,1,2085.585,78.697,244,65,0.620
bidijkstra,130,07:30,1,1167.109,0.000,916,80,2.795
idastar,130,07:30,1,1167.109,0.000,2946787,47,2930.309
beam,130,07:30,0,,,1966,50,4.482
bfs,131,07:30,1,2323.228,98.742,2105,79,1.794
dfs,131,07:30,1,16769.476,1334.554,1448,259,33.101
iddfs,131,07:30,1,2323.228,98.742,546940,50,2326.417
ucs,131,07:30,1,1168.968,0.000,1801,66,5.657
dijkstra,131,07:30,1,1168.968,0.000,1801,66,3.778
astar,131,07:30,1,1168.968,0.000,1544,79,7.189
greedy,131,07:30,1,2223.354,90.198,77,57,0.449
bidijkstra,131,07:30,1,1168.968,0.000,1304,117,5.713
idastar,131,07:30,1,1173.220,0.364,765764,39,901.910
beam,131,07:30,1,1810.482,54.879,1929,50,6.529
bfs,132,07:30,1,405.316,0.000,508,64,0.381
dfs,132,07:30,1,1532.332,278.059,67,42,0.219
iddfs,132,07:30,1,405.316,0.000,9624,16,14.993
ucs,132,07:30,1,405.316,0.000,542,65,1.171
dijkstra,132,07:30,1,405.316,0.000,542,65,2.032
astar,132,07:30,1,405.316,0.000,227,35,1.443
greedy,132,07:30,1,405.316,0.000,17,20,0.109
bidijkstra,132,07:30,1,405.316,0.000,336,54,1.400
idastar,132,07:30,1,405.316,0.000,12720,16,12.674
beam,132,07:30,1,405.316,0.000,452,50,1.170
bfs,133,07:30,1,836.756,9.602,1371,77,0.906
dfs,133,07:30,1,20525.501,2588.512,1510,245,33.878
iddfs,133,07:30,1,836.756,9.602,91721,30,238.175
ucs,133,07:30,1,763.452,0.000,1234,82,2.933
dijkstra,133,07:30,1,763.452,0.000,1234,82,3.907
astar,133,07:30,1,763.452,0.000,835,76,3.758
greedy,133,07:30,1,860.776,12.748,52,37,0.233
bidijkstra,133,07:30,1,763.452,0.000,1017,78,4.859
idastar,133,07:30,1,763.452,0.000,253959,34,337.562
beam,133,07:30,1,763.452,0.000,1111,50,4.068
bfs,134,07:30,1,375.447,8.869,920,96,1.036
dfs,134,07:30,1,4673.810,1255.269,2000,245,49.008
iddfs,134,07:30,1,375.447,8.869,19395,21,40.369
ucs,134,07:30,1,344.862,0.000,493,78,1.670
dijkstra,134,07:30,1,344.862,0.000,493,78,1.621
astar,134,07:30,1,344.862,0.000,208,50,1.715
greedy,134,07:30,1,612.560,77.624,47,41,0.545
bidijkstra,134,07:30,1,344.862,0.000,230,35,0.982
idastar,134,07:30,1,344.862,0.000,7814,20,9.899
beam,134,07:30,1,344.862,0.000,622,50,3.090
bfs,135,07:30,1,483.568,27.643,506,61,0.352
dfs,135,07:30,1,2421.197,539.103,93,40,0.331
iddfs,135,07:30,1,483.568,27.643,8664,19,15.687
ucs,135,07:30,1,378.843,0.000,423,38,1.357
dijkstra,135,07:30,1,378.843,0.000,423,38,1.726
astar,135,07:30,1,378.843,0.000,318,35,0.977
greedy,135,07:30,1,466.736,23.200,59,21,0.166
bidijkstra,135,07:30,1,378.843,0.000,253,50,0.855
idastar,135,07:30,1,379.244,0.106,50784,27,60.374
beam,135,07:30,1,417.184,10.121,490,50,1.355
bfs,136,07:30,1,1539.445,128.418,1063,62,0.898
dfs,136,07:30,1,2925.801,334.121,140,34,0.481
iddfs,136,07:30,1,1539.445,128.418,59567,22,129.447
ucs,136,07:30,1,673.960,0.000,938,69,2.742
dijkstra,136,07:30,1,673.960,0.000,938,69,2.200
astar,136,07:30,1,673.960,0.000,667,74,2.998
greedy,136,07:30,1,1709.600,153.665,60,27,0.199
bidijkstra,136,07:30,1,673.960,0.000,399,52,1.267
idastar,136,07:30,1,677.168,0.476,463508,35,459.993
beam,136,07:30,1,1536.477,127.977,1033,50,6.141
bfs,137,07:30,1,1236.652,64.787,1656,94,2.059
dfs,137,07:30,1,3549.692,373.005,1468,172,27.786
iddfs,137,07:30,1,1236.652,64.787,108229,30,351.869
ucs,137,07:30,1,750.455,0.000,1492,88,3.655
dijkstra,137,07:30,1,750.455,0.000,1492,88,3.261
astar,137,07:30,1,750.455,0.000,864,87,3.386
greedy,137,07:30,1,1068.025,42.317,61,46,0.211
bidijkstra,137,07:30,1,750.455,0.000,643,78,2.327
idastar,137,07:30,1,750.455,0.000,231702,35,245.344
beam,137,07:30,1,998.574,33.062,1568,50,3.811
bfs,138,07:30,1,1151.489,77.466,1332,94,1.398
dfs,138,07:30,1,11645.466,1694.783,699,195,10.301
iddfs,138,07:30,1,1151.489,77.466,55331,27,120.339
ucs,138,07:30,1,648.851,0.000,1375,74,4.254
dijkstra,138,07:30,1,648.851,0.000,1375,74,3.150
astar,138,07:30,1,648.851,0.000,939,81,3.695
greedy,138,07:30,1,686.062,5.735,66,26,0.272
bidijkstra,138,07:30,1,648.851,0.000,668,79,2.975
idastar,138,07:30,1,648.851,0.000,193034,27,210.126
beam,138,07:30,1,720.118,10.984,1310,50,4.803
bfs,139,07:30,1,910.379,3.846,396,46,0.356
dfs,139,07:30,1,14973.037,1607.964,1014,224,16.601
iddfs,139,07:30,1,910.379,3.846,8706,16,18.266
ucs,139,07:30,1,876.660,0.000,620,43,1.401
dijkstra,139,07:30,1,876.660,0.000,620,43,1.949
astar,139,07:30,1,876.660,0.000,407,40,1.763
greedy,139,07:30,1,899.787,2.638,38,17,0.140
bidijkstra,139,07:30,1,876.660,0.000,375,54,1.259
idastar,139,07:30,1,876.660,0.000,69420,28,91.990
beam,139,07:30,1,910.379,3.846,393,43,1.789
bfs,140,07:30,1,359.332,0.000,646,89,1.023
dfs,140,07:30,1,1790.933,398.406,140,39,0.653
iddfs,140,07:30,1,359.332,0.000,9149,18,19.677
ucs,140,07:30,1,359.332,0.000,533,69,1.656
dijkstra,140,07:30,1,359.332,0.000,533,69,2.139
astar,140,07:30,1,359.332,0.000,200,30,1.758
greedy,140,07:30,1,469.768,30.734,39,18,0.315
bidijkstra,140,07:30,1,359.332,0.000,172,35,1.195
idastar,140,07:30,1,359.332,0.000,9273,17,14.537
beam,140,07:30,1,359.332,0.000,486,50,1.790
bfs,141,07:30,1,564.184,88.699,604,64,0.783
dfs,141,07:30,1,16645.072,5467.174,1496,230,43.011
iddfs,141,07:30,1,564.184,88.699,12108,21,29.906
ucs,141,07:30,1,298.986,0.000,245,34,0.701
dijkstra,141,07:30,1,298.986,0.000,245,34,0.563
astar,141,07:30,1,298.986,0.000,130,28,0.669
greedy,141,07:30,1,384.161,28.488,55,26,0.277
bidijkstra,141,07:30,1,298.986,0.000,200,53,1.186
idastar,141,07:30,1,298.986,0.000,2653,13,3.739
beam,141,07:30,1,344.901,15.357,565,50,2.882
bfs,142,07:30,1,1827.628,43.715,1915,70,2.565
dfs,142,07:30,1,7492.158,489.144,261,111,2.136
iddfs,142,07:30,1,1827.628,43.715,448985,39,1574.546
ucs,142,07:30,1,1271.701,0.000,2034,62,5.860
dijkstra,142,07:30,1,1271.701,0.000,2034,62,4.389
astar,142,07:30,1,1271.701,0.000,1991,82,8.283
greedy,142,07:30,1,1447.005,13.785,64,54,0.542
bidijkstra,142,07:30,1,1271.701,0.000,1390,111,5.360
idastar,142,07:30,1,1271.701,0.000,3936047,61,4616.073
beam,142,07:30,1,1827.628,43.715,1750,50,5.828
bfs,143,07:30,1,773.947,29.405,680,86,0.749
dfs,143,07:30,1,3099.934,418.313,111,44,0.571
iddfs,143,07:30,1,773.947,29.405,12733,17,23.524
ucs,143,07:30,1,598.082,0.000,1124,77,3.781
dijkstra,143,07:30,1,598.082,0.000,1124,77,2.847
astar,143,07:30,1,598.082,0.000,742,66,3.540
greedy,143,07:30,1,989.801,65.496,24,21,0.104
bidijkstra,143,07:30,1,598.082,0.000,486,68,1.917
idastar,143,07:30,1,598.082,0.000,126585,29,178.557
beam,143,07:30,1,603.541,0.913,600,50,3.448
bfs,144,07:30,1,1603.828,62.425,603,64,0.739
dfs,144,07:30,1,7212.998,630.484,256,103,2.484
iddfs,144,07:30,1,1603.828,62.425,20658,24,53.953
ucs,144,07:30,1,987.427,0.000,289,32,0.694
dijkstra,144,07:30,1,987.427,0.000,289,32,0.559
astar,144,07:30,1,987.427,0.000,211,29,0.925
greedy,144,07:30,1,987.427,0.000,37,46,0.207
bidijkstra,144,07:30,1,987.427,0.000,865,67,4.339
idastar,144,07:30,1,989.584,0.218,61500,27,64.228
beam,144,07:30,1,1603.555,62.397,624,50,2.420
bfs,145,07:30,1,681.120,3.646,913,65,0.684
dfs,145,07:30,1,8656.060,1217.194,584,124,5.581
iddfs,145,07:30,1,681.120,3.646,36228,27,91.824
ucs,145,07:30,1,657.159,0.000,872,62,3.277
dijkstra,145,07:30,1,657.159,0.000,872,62,2.221
astar,145,07:30,1,657.159,0.000,433,46,1.817
greedy,145,07:30,1,753.990,14.735,41,36,0.161
bidijkstra,145,07:30,1,657.159,0.000,395,56,1.387
idastar,145,07:30,1,657.159,0.000,65922,27,77.093
beam,145,07:30,1,681.120,3.646,826,50,2.561
bfs,146,07:30,1,1369.861,64.745,1888,90,1.429
dfs,146,07:30,1,12539.599,1408.061,591,160,8.283
iddfs,146,07:30,1,1369.861,64.745,225124,33,774.235
ucs,146,07:30,1,831.505,0.000,1296,77,3.949
dijkstra,146,07:30,1,831.505,0.000,1296,77,5.678
astar,146,07:30,1,831.505,0.000,789,62,3.237
greedy,146,07:30,1,1569.189,88.717,117,57,0.358
bidijkstra,146,07:30,1,831.505,0.000,793,64,3.022
idastar,146,07:30,1,831.505,0.000,219042,35,256.683
beam,146,07:30,1,860.800,3.523,1550,50,4.153
bfs,147,07:30,1,746.960,12.784,1002,79,0.694
dfs,147,07:30,1,10430.313,1474.882,617,144,7.699
iddfs,147,07:30,1,746.960,12.784,38106,21,73.517
ucs,147,07:30,1,662.292,0.000,1407,91,3.390
dijkstra,147,07:30,1,662.292,0.000,1407,91,3.596
astar,147,07:30,1,662.292,0.000,966,89,4.387
greedy,147,07:30,1,724.021,9.321,45,29,0.188
bidijkstra,147,07:30,1,662.292,0.000,709,114,2.784
idastar,147,07:30,1,662.292,0.000,179778,26,226.096
beam,147,07:30,1,734.648,10.925,853,50,5.202
bfs,148,07:30,1,899.762,8.504,1997,94,4.514
dfs,148,07:30,1,12356.903,1390.140,1866,249,54.267
iddfs,148,07:30,1,899.762,8.504,298557,33,933.925
ucs,148,07:30,1,829.244,0.000,1565,79,3.382
dijkstra,148,07:30,1,829.244,0.000,1565,79,2.684
astar,148,07:30,1,829.244,0.000,940,85,3.450
greedy,148,07:30,1,1580.378,90.581,60,55,0.336
bidijkstra,148,07:30,1,829.244,0.000,870,73,3.201
idastar,148,07:30,1,833.821,0.552,277586,39,284.777
beam,148,07:30,1,887.113,6.979,1709,50,4.345
bfs,149,07:30,1,546.176,11.468,779,104,0.589
dfs,149,07:30,1,13255.087,2605.214,1843,208,38.190
iddfs,149,07:30,1,546.176,11.468,9257,18,17.096
ucs,149,07:30,1,489.983,0.000,978,84,3.518
dijkstra,149,07:30,1,489.983,0.000,978,84,2.161
astar,149,07:30,1,489.983,0.000,418,52,1.651
greedy,149,07:30,1,929.797,89.761,35,30,0.152
bidijkstra,149,07:30,1,489.983,0.000,367,64,1.573
idastar,149,07:30,1,489.983,0.000,24403,18,25.655
beam,149,07:30,1,546.176,11.468,547,50,1.368
bfs,150,07:30,1,973.948,26.951,1695,94,1.330
dfs,150,07:30,1,11095.285,1346.238,753,164,10.555
iddfs,150,07:30,1,973.948,26.951,100563,28,317.606
ucs,150,07:30,1,767.183,0.000,1728,89,4.920
dijkstra,150,07:30,1,767.183,0.000,1728,89,4.702
astar,150,07:30,1,767.183,0.000,1082,68,4.949
greedy,150,07:30,1,1042.770,35.922,77,43,0.241
bidijkstra,150,07:30,1,767.183,0.000,496,55,1.378
idastar,150,07:30,1,769.387,0.287,526075,33,739.155
beam,150,07:30,1,942.805,22.892,1291,50,3.764
bfs,151,07:30,1,1770.065,69.227,1754,90,1.741
dfs,151,07:30,1,6966.842,566.064,423,111,4.275
iddfs,151,07:30,1,1770.065,69.227,166985,35,477.626
ucs,151,07:30,1,1045.973,0.000,1856,92,5.216
dijkstra,151,07:30,1,1045.973,0.000,1856,92,6.117
astar,151,07:30,1,1045.973,0.000,1401,113,5.530
greedy,151,07:30,1,1548.163,48.012,71,51,0.333
bidijkstra,151,07:30,1,1045.973,0.000,885,91,3.239
idastar,151,07:30,1,1046.608,0.061,562048,34,590.990
beam,151,07:30,1,1214.158,16.079,1556,50,3.849
bfs,152,07:30,1,860.507,12.396,1061,88,0.943
dfs,152,07:30,1,14218.199,1757.122,1182,196,20.447
iddfs,152,07:30,1,860.507,12.396,35150,27,85.229
ucs,152,07:30,1,765.604,0.000,1095,103,2.486
dijkstra,152,07:30,1,765.604,0.000,1095,103,2.171
astar,152,07:30,1,765.604,0.000,581,64,2.980
greedy,152,07:30,1,825.925,7.879,35,35,0.208
bidijkstra,152,07:30,1,765.604,0.000,380,60,1.382
idastar,152,07:30,1,768.449,0.372,167101,33,172.306
beam,152,07:30,1,838.281,9.493,783,50,2.962
bfs,153,07:30,1,437.268,2.798,682,74,0.574
dfs,153,07:30,1,13885.922,3164.469,808,189,12.878
iddfs,153,07:30,1,437.268,2.798,10849,18,17.140
ucs,153,07:30,1,425.365,0.000,665,56,1.511
dijkstra,153,07:30,1,425.365,0.000,665,56,1.330
astar,153,07:30,1,425.365,0.000,303,62,1.036
greedy,153,07:30,1,535.130,25.805,29,18,0.088
bidijkstra,153,07:30,1,425.365,0.000,234,56,0.902
idastar,153,07:30,1,427.993,0.618,23405,19,23.523
beam,153,07:30,1,437.268,2.798,549,50,1.323
bfs,154,07:30,1,545.378,3.944,636,70,0.428
dfs,154,07:30,1,3797.806,623.827,186,71,0.802
iddfs,154,07:30,1,545.378,3.944,10088,20,19.943
ucs,154,07:30,1,524.684,0.000,876,56,1.778
dijkstra,154,07:30,1,524.684,0.000,876,56,1.834
astar,154,07:30,1,524.684,0.000,510,61,1.962
greedy,154,07:30,1,567.424,8.146,35,30,0.119
bidijkstra,154,07:30,1,524.684,0.000,463,79,1.508
idastar,154,07:30,1,527.168,0.473,51955,26,51.673
beam,154,07:30,1,535.368,2.036,534,50,2.000
bfs,155,07:30,1,605.686,0.501,1092,103,0.654
dfs,155,07:30,1,4746.550,687.594,1751,240,36.515
iddfs,155,07:30,1,605.686,0.501,24613,23,47.369
ucs,155,07:30,1,602.665,0.000,1265,74,3.802
dijkstra,155,07:30,1,602.665,0.000,1265,74,3.340
astar,155,07:30,1,602.665,0.000,719,79,3.028
greedy,155,07:30,1,1343.503,122.927,55,41,0.204
bidijkstra,155,07:30,1,602.665,0.000,663,90,2.507
idastar,155,07:30,1,605.148,0.412,125594,33,138.556
beam,155,07:30,1,605.686,0.501,711,50,2.393
bfs,156,07:30,1,1637.629,26.980,1742,81,2.147
dfs,156,07:30,1,3941.525,205.622,363,70,2.036
iddfs,156,07:30,1,1637.629,26.980,184430,34,510.214
ucs,156,07:30,1,1289.675,0.000,2050,81,5.310
dijkstra,156,07:30,1,1289.675,0.000,2050,81,6.123
astar,156,07:30,1,1289.675,0.000,2028,107,9.025
greedy,156,07:30,1,1720.034,33.370,67,40,0.287
bidijkstra,156,07:30,1,1289.675,0.000,1343,125,6.949
idastar,156,07:30,1,1290.248,0.044,5915841,59,6639.065
beam,156,07:30,1,1618.246,25.477,1474,50,3.661
bfs,157,07:30,1,990.269,84.126,565,113,0.378
dfs,157,07:30,1,12357.682,2197.724,914,162,12.462
iddfs,157,07:30,1,990.269,84.126,5585,19,10.524
ucs,157,07:30,1,537.823,0.000,1039,80,3.122
dijkstra,157,07:30,1,537.823,0.000,1039,80,2.267
astar,157,07:30,1,537.823,0.000,579,62,2.048
greedy,157,07:30,1,1248.341,132.110,40,22,0.127
bidijkstra,157,07:30,1,537.823,0.000,383,72,1.277
idastar,157,07:30,1,539.514,0.314,118813,27,121.425
beam,157,07:30,1,677.386,25.950,838,50,2.237
bfs,158,07:30,1,930.369,14.002,1901,92,1.754
dfs,158,07:30,1,7496.741,818.605,444,130,3.821
iddfs,158,07:30,1,930.369,14.002,259293,33,700.164
ucs,158,07:30,1,816.100,0.000,1589,69,3.161
dijkstra,158,07:30,1,816.100,0.000,1589,69,2.758
astar,158,07:30,1,816.100,0.000,1178,77,3.891
greedy,158,07:30,1,1011.552,23.949,80,42,0.339
bidijkstra,158,07:30,1,816.100,0.000,965,86,4.396
idastar,158,07:30,1,816.100,0.000,884716,40,881.858
beam,158,07:30,1,930.369,14.002,1480,50,3.616
bfs,159,07:30,1,1185.355,13.602,1967,95,1.187
dfs,159,07:30,1,10405.163,897.207,660,136,7.895
iddfs,159,07:30,1,1185.355,13.602,285980,40,810.144
ucs,159,07:30,1,1043.431,0.000,1906,90,5.304
dijkstra,159,07:30,1,1043.431,0.000,1906,90,4.301
astar,159,07:30,1,1043.431,0.000,1620,95,5.419
greedy,159,07:30,1,1170.636,12.191,75,48,0.527
bidijkstra,159,07:30,1,1043.431,0.000,1118,103,5.006
idastar,159,07:30,1,1043.431,0.000,1001547,42,1091.483
beam,159,07:30,1,1114.480,6.809,1776,50,4.792
bfs,160,07:30,1,860.171,11.957,995,64,0.808
dfs,160,07:30,1,11591.960,1408.766,835,173,10.906
iddfs,160,07:30,1,860.171,11.957,52139,29,125.754
ucs,160,07:30,1,768.307,0.000,1303,84,3.424
dijkstra,160,07:30,1,768.307,0.000,1303,84,2.195
astar,160,07:30,1,768.307,0.000,892,70,3.433
greedy,160,07:30,1,1699.710,121.228,69,49,0.213
bidijkstra,160,07:30,1,768.307,0.000,930,109,2.979
idastar,160,07:30,1,768.307,0.000,581014,38,557.097
beam,160,07:30,1,811.659,5.643,956,50,3.194
bfs,161,07:30,1,393.134,5.520,792,68,0.396
dfs,161,07:30,1,1164.783,212.635,2109,203,32.860
iddfs,161,07:30,1,393.134,5.520,21793,20,34.654
ucs,161,07:30,1,372.569,0.000,519,58,1.011
dijkstra,161,07:30,1,372.569,0.000,519,58,0.994
astar,161,07:30,1,372.569,0.000,362,52,1.149
greedy,161,07:30,1,372.569,0.000,25,24,0.082
bidijkstra,161,07:30,1,372.569,0.000,224,52,0.712
idastar,161,07:30,1,372.569,0.000,36563,24,33.917
beam,161,07:30,1,372.569,0.000,677,50,1.511
bfs,162,07:30,1,607.586,68.059,465,51,0.296
dfs,162,07:30,1,18240.792,4945.414,1076,238,20.653
iddfs,162,07:30,1,607.586,68.059,9876,18,14.730
ucs,162,07:30,1,361.532,0.000,209,29,0.368
dijkstra,162,07:30,1,361.532,0.000,209,29,0.740
astar,162,07:30,1,361.532,0.000,142,25,0.825
greedy,162,07:30,1,910.287,151.786,42,26,0.166
bidijkstra,162,07:30,1,361.532,0.000,271,66,1.013
idastar,162,07:30,1,361.532,0.000,7278,18,6.664
beam,162,07:30,1,607.586,68.059,451,43,1.083
bfs,163,07:30,1,771.693,5.820,1874,89,1.161
dfs,163,07:30,1,12750.435,1648.424,638,164,5.823
iddfs,163,07:30,1,771.693,5.820,208937,35,592.728
ucs,163,07:30,1,729.253,0.000,1014,75,2.018
dijkstra,163,07:30,1,729.253,0.000,1014,75,1.700
astar,163,07:30,1,729.253,0.000,591,59,2.845
greedy,163,07:30,1,925.295,26.883,61,40,0.295
bidijkstra,163,07:30,1,729.253,0.000,701,61,2.912
idastar,163,07:30,1,730.638,0.190,115760,33,118.670
beam,163,07:30,1,758.549,4.017,1466,50,3.495
bfs,164,07:30,1,1020.620,17.540,1659,90,1.407
dfs,164,07:30,1,19361.913,2129.821,1360,256,31.596
iddfs,164,07:30,1,1020.620,17.540,151636,33,463.194
ucs,164,07:30,1,868.317,0.000,1380,77,2.836
dijkstra,164,07:30,1,868.317,0.000,1380,77,2.660
astar,164,07:30,1,868.317,0.000,860,65,2.703
greedy,164,07:30,1,942.286,8.519,91,55,0.285
bidijkstra,164,07:30,1,868.317,0.000,663,59,2.306
idastar,164,07:30,1,869.787,0.169,330573,38,333.337
beam,164,07:30,1,1002.524,15.456,1342,50,5.252
bfs,165,07:30,1,945.016,15.220,1397,76,1.061
dfs,165,07:30,1,10396.793,1167.617,753,144,8.479
iddfs,165,07:30,1,945.016,15.220,126048,26,297.537
ucs,165,07:30,1,820.184,0.000,1389,68,3.291
dijkstra,165,07:30,1,820.184,0.000,1389,68,4.329
astar,165,07:30,1,820.184,0.000,1042,83,3.772
greedy,165,07:30,1,1399.481,70.630,60,59,0.254
bidijkstra,165,07:30,1,820.184,0.000,1177,122,4.625
idastar,165,07:30,1,822.097,0.233,1221647,44,1243.349
beam,165,07:30,1,945.016,15.220,1226,50,2.749
bfs,166,07:30,1,819.511,1.321,1664,87,2.109
dfs,166,07:30,1,19542.004,2316.091,1448,263,36.006
iddfs,166,07:30,1,819.511,1.321,168283,39,537.896
ucs,166,07:30,1,808.827,0.000,1453,68,3.260
dijkstra,166,07:30,1,808.827,0.000,1453,68,2.879
astar,166,07:30,1,808.827,0.000,1066,75,3.888
greedy,166,07:30,1,1672.546,106.786,83,60,0.357
bidijkstra,166,07:30,1,808.827,0.000,802,83,2.888
idastar,166,07:30,1,811.311,0.307,338313,38,337.906
beam,166,07:30,1,819.511,1.321,1288,50,2.995
bfs,167,07:30,1,1240.741,34.424,1479,105,1.202
dfs,167,07:30,1,8895.509,863.757,1788,246,38.836
iddfs,167,07:30,1,1240.741,34.424,75698,27,173.352
ucs,167,07:30,1,923.003,0.000,1954,85,4.966
dijkstra,167,07:30,1,923.003,0.000,1954,85,3.889
astar,167,07:30,1,923.003,0.000,1554,107,5.065
greedy,167,07:30,1,1180.373,27.884,46,41,0.163
bidijkstra,167,07:30,1,923.003,0.000,846,99,2.918
idastar,167,07:30,1,923.003,0.000,641258,33,650.611
beam,167,07:30,1,1198.672,29.867,2011,50,5.586
bfs,168,07:30,1,952.172,70.849,1358,100,0.729
dfs,168,07:30,1,8754.273,1470.789,1845,172,26.904
iddfs,168,07:30,1,952.172,70.849,51990,24,105.615
ucs,168,07:30,1,557.317,0.000,1223,87,2.547
dijkstra,168,07:30,1,557.317,0.000,1223,87,2.954
astar,168,07:30,1,557.317,0.000,614,84,2.703
greedy,168,07:30,1,914.471,64.085,35,33,0.145
bidijkstra,168,07:30,1,557.317,0.000,637,101,2.229
idastar,168,07:30,1,559.119,0.323,77680,27,73.327
beam,168,07:30,1,733.587,31.628,1183,50,2.538
bfs,169,07:30,1,1152.574,20.469,1645,75,0.839
dfs,169,07:30,1,13381.323,1298.641,1554,236,29.754
iddfs,169,07:30,1,1152.574,20.469,125958,34,352.837
ucs,169,07:30,1,956.738,0.000,1661,71,5.576
dijkstra,169,07:30,1,956.738,0.000,1661,71,4.083
astar,169,07:30,1,956.738,0.000,1302,89,5.119
greedy,169,07:30,1,2118.109,121.389,86,60,0.334
bidijkstra,169,07:30,1,956.738,0.000,789,89,4.110
idastar,169,07:30,1,960.502,0.393,526978,42,694.476
beam,169,07:30,1,1152.574,20.469,1318,50,5.159
bfs,170,07:30,1,1765.668,14.440,2082,63,1.230
dfs,170,07:30,1,9938.997,544.186,703,133,6.922
iddfs,170,07:30,1,1765.668,14.440,590102,40,1806.756
ucs,170,07:30,1,1542.877,0.000,2114,68,5.007
dijkstra,170,07:30,1,1542.877,0.000,2114,68,4.936
astar,170,07:30,1,1542.877,0.000,2108,85,6.264
greedy,170,07:30,1,1860.027,20.556,122,64,0.336
bidijkstra,170,07:30,1,1542.877,0.000,1447,89,5.725
idastar,170,07:30,1,1545.549,0.173,19528847,57,20493.196
beam,170,07:30,1,1691.128,9.609,1932,50,5.605
bfs,171,07:30,1,1019.986,20.433,1647,100,1.387
dfs,171,07:30,1,13056.563,1441.628,744,166,11.440
iddfs,171,07:30,1,1019.986,20.433,135709,32,343.659
ucs,171,07:30,1,846.933,0.000,1759,98,3.834
dijkstra,171,07:30,1,846.933,0.000,1759,98,3.437
astar,171,07:30,1,846.933,0.000,1347,97,5.969
greedy,171,07:30,1,985.555,16.367,57,42,0.194
bidijkstra,171,07:30,1,846.933,0.000,1035,103,3.685
idastar,171,07:30,1,846.933,0.000,509116,33,510.690
beam,171,07:30,1,846.933,0.000,1404,50,5.081
bfs,172,07:30,1,665.786,2.027,454,75,0.429
dfs,172,07:30,1,4828.422,639.922,1959,194,36.550
iddfs,172,07:30,1,665.786,2.027,7646,18,13.029
ucs,172,07:30,1,652.558,0.000,898,88,1.971
dijkstra,172,07:30,1,652.558,0.000,898,88,1.433
astar,172,07:30,1,652.558,0.000,422,55,1.387
greedy,172,07:30,1,1142.884,75.139,95,29,0.260
bidijkstra,172,07:30,1,652.558,0.000,482,51,1.440
idastar,172,07:30,1,653.678,0.172,80863,27,73.290
beam,172,07:30,1,665.786,2.027,445,50,1.371
bfs,173,07:30,1,562.785,3.942,1237,92,0.731
dfs,173,07:30,1,8646.924,1497.024,508,136,5.067
iddfs,173,07:30,1,562.785,3.942,44426,24,91.346
ucs,173,07:30,1,541.440,0.000,1066,73,1.838
dijkstra,173,07:30,1,541.440,0.000,1066,73,1.827
astar,173,07:30,1,541.440,0.000,606,61,1.770
greedy,173,07:30,1,583.663,7.798,35,24,0.099
bidijkstra,173,07:30,1,541.440,0.000,463,87,1.456
idastar,173,07:30,1,541.440,0.000,93020,22,94.049
beam,173,07:30,1,559.157,3.272,862,50,1.951
bfs,174,07:30,1,889.288,25.039,1799,94,1.690
dfs,174,07:30,1,12663.816,1680.610,1060,168,15.727
iddfs,174,07:30,1,889.288,25.039,135171,31,380.927
ucs,174,07:30,1,711.207,0.000,1336,88,2.764
dijkstra,174,07:30,1,711.207,0.000,1336,88,3.161
astar,174,07:30,1,711.207,0.000,812,75,3.215
greedy,174,07:30,1,822.218,15.609,74,44,0.207
bidijkstra,174,07:30,1,711.207,0.000,547,68,1.788
idastar,174,07:30,1,711.377,0.024,217656,31,216.177
beam,174,07:30,1,889.288,25.039,1353,50,3.261
bfs,175,07:30,1,1070.309,2.096,1470,117,1.931
dfs,175,07:30,1,3806.017,263.053,142,75,0.859
iddfs,175,07:30,1,1070.309,2.096,50300,31,139.844
ucs,175,07:30,1,1048.337,0.000,1827,101,4.439
dijkstra,175,07:30,1,1048.337,0.000,1827,101,3.831
astar,175,07:30,1,1048.337,0.000,1379,92,6.194
greedy,175,07:30,1,1596.209,52.261,68,41,0.208
bidijkstra,175,07:30,1,1048.337,0.000,638,78,1.933
idastar,175,07:30,1,1049.405,0.102,846205,48,800.803
beam,175,07:30,1,1064.420,1.534,1020,50,3.053
bfs,176,07:30,1,2141.594,116.932,2100,71,1.386
dfs,176,07:30,1,11739.014,1089.102,1552,245,33.929
iddfs,176,07:30,1,2141.594,116.932,624238,41,1972.655
ucs,176,07:30,1,987.217,0.000,1739,61,3.703
dijkstra,176,07:30,1,987.217,0.000,1739,61,3.373
astar,176,07:30,1,987.217,0.000,1409,73,6.320
greedy,176,07:30,1,2012.432,103.849,69,60,0.377
bidijkstra,176,07:30,1,987.217,0.000,1272,110,4.818
idastar,176,07:30,1,988.986,0.179,1197338,46,1216.190
beam,176,07:30,1,1657.410,67.887,1986,50,4.877
bfs,177,07:30,1,780.755,22.011,1055,58,0.657
dfs,177,07:30,1,15644.920,2344.879,1546,242,33.631
iddfs,177,07:30,1,780.755,22.011,67426,28,148.449
ucs,177,07:30,1,639.906,0.000,820,73,1.846
dijkstra,177,07:30,1,639.906,0.000,820,73,1.504
astar,177,07:30,1,639.906,0.000,624,54,2.965
greedy,177,07:30,1,696.554,8.853,51,32,0.197
bidijkstra,177,07:30,1,639.906,0.000,651,81,2.553
idastar,177,07:30,1,639.906,0.000,211564,34,193.446
beam,177,07:30,1,661.762,3.416,1038,50,2.728
bfs,178,07:30,1,642.688,0.000,410,59,0.229
dfs,178,07:30,1,7260.128,1029.651,1862,200,31.774
iddfs,178,07:30,1,642.688,0.000,8766,17,13.879
ucs,178,07:30,1,642.688,0.000,380,56,0.978
dijkstra,178,07:30,1,642.688,0.000,380,56,0.788
astar,178,07:30,1,642.688,0.000,228,39,0.761
greedy,178,07:30,1,851.821,32.540,51,20,0.120
bidijkstra,178,07:30,1,642.688,0.000,482,68,1.437
idastar,178,07:30,1,642.688,0.000,26622,20,26.296
beam,178,07:30,1,642.688,0.000,399,50,1.331
bfs,179,07:30,1,1611.865,81.164,2021,83,1.570
dfs,179,07:30,1,13539.540,1421.765,708,171,7.903
iddfs,179,07:30,1,1611.865,81.164,314146,38,942.074
ucs,179,07:30,1,889.726,0.000,1440,71,3.043
dijkstra,179,07:30,1,889.726,0.000,1440,71,2.695
astar,179,07:30,1,889.726,0.000,1027,86,4.746
greedy,179,07:30,1,1437.657,61.584,86,55,0.279
bidijkstra,179,07:30,1,889.726,0.000,862,72,2.989
idastar,179,07:30,1,889.726,0.000,295004,34,306.905
beam,179,07:30,1,1056.099,18.699,1739,50,5.096
bfs,180,07:30,1,978.227,0.000,176,33,0.149
dfs,180,07:30,1,3671.881,275.361,1660,194,29.255
iddfs,180,07:30,1,978.227,0.000,1164,11,1.626
ucs,180,07:30,1,978.227,0.000,1868,103,4.065
dijkstra,180,07:30,1,978.227,0.000,1868,103,4.827
astar,180,07:30,1,978.227,0.000,1352,76,5.332
greedy,180,07:30,1,1738.377,77.707,85,60,0.304
bidijkstra,180,07:30,1,978.227,0.000,368,48,1.164
idastar,180,07:30,1,978.227,0.000,943409,41,931.426
beam,180,07:30,1,978.227,0.000,188,29,0.475
bfs,181,07:30,1,415.114,35.977,839,112,0.970
dfs,181,07:30,1,9385.812,2974.458,1238,170,15.832
iddfs,181,07:30,1,415.114,35.977,11427,19,19.882
ucs,181,07:30,1,305.284,0.000,350,53,0.704
dijkstra,181,07:30,1,305.284,0.000,350,53,0.618
astar,181,07:30,1,305.284,0.000,199,41,0.649
greedy,181,07:30,1,385.737,26.354,25,18,0.077
bidijkstra,181,07:30,1,305.284,0.000,213,48,0.643
idastar,181,07:30,1,308.514,1.058,7941,18,8.311
beam,181,07:30,1,415.114,35.977,577,50,1.732
bfs,182,07:30,1,985.185,5.102,1852,90,0.984
dfs,182,07:30,1,11399.933,1116.171,746,171,9.792
iddfs,182,07:30,1,985.185,5.102,162137,35,430.600
ucs,182,07:30,1,937.363,0.000,1479,92,3.332
dijkstra,182,07:30,1,937.363,0.000,1479,92,2.536
astar,182,07:30,1,937.363,0.000,842,77,2.818
greedy,182,07:30,1,1186.534,26.582,101,55,0.261
bidijkstra,182,07:30,1,937.363,0.000,615,52,1.718
idastar,182,07:30,1,937.363,0.000,174160,28,170.427
beam,182,07:30,1,985.185,5.102,1470,50,5.102
bfs,183,07:30,1,1251.511,158.900,1732,106,1.455
dfs,183,07:30,1,5283.116,992.918,150,67,0.708
iddfs,183,07:30,1,1251.511,158.900,103007,28,219.251
ucs,183,07:30,1,483.396,0.000,882,80,1.738
dijkstra,183,07:30,1,483.396,0.000,882,80,1.901
astar,183,07:30,1,483.396,0.000,544,73,1.649
greedy,183,07:30,1,1372.243,183.876,36,29,0.102
bidijkstra,183,07:30,1,483.396,0.000,551,82,1.494
idastar,183,07:30,1,483.396,0.000,46527,26,49.826
beam,183,07:30,1,765.037,58.263,1204,50,3.505
bfs,184,07:30,1,596.920,34.710,480,46,0.400
dfs,184,07:30,1,1887.409,325.942,271,37,1.583
iddfs,184,07:30,1,596.920,34.710,15719,25,35.678
ucs,184,07:30,1,443.114,0.000,291,26,0.589
dijkstra,184,07:30,1,443.114,0.000,291,26,0.468
astar,184,07:30,1,443.114,0.000,202,27,0.686
greedy,184,07:30,1,532.219,20.109,64,31,0.170
bidijkstra,184,07:30,1,443.114,0.000,198,30,0.533
idastar,184,07:30,1,443.114,0.000,11714,30,11.327
beam,184,07:30,1,457.304,3.202,465,43,1.903
bfs,185,07:30,1,532.454,8.807,847,99,1.119
dfs,185,07:30,1,2333.607,376.874,362,52,1.660
iddfs,185,07:30,1,532.454,8.807,17764,21,32.489
ucs,185,07:30,1,489.355,0.000,933,72,1.803
dijkstra,185,07:30,1,489.355,0.000,933,72,1.544
astar,185,07:30,1,489.355,0.000,477,72,1.464
greedy,185,07:30,1,982.974,100.871,42,39,0.130
bidijkstra,185,07:30,1,489.355,0.000,432,72,1.506
idastar,185,07:30,1,489.355,0.000,53079,24,51.957
beam,185,07:30,1,532.454,8.807,646,50,1.793
bfs,186,07:30,1,1263.052,41.574,1049,60,0.950
dfs,186,07:30,1,12286.739,1277.210,1841,261,47.247
iddfs,186,07:30,1,1263.052,41.574,95273,33,264.054
ucs,186,07:30,1,892.147,0.000,1046,54,3.870
dijkstra,186,07:30,1,892.147,0.000,1046,54,1.794
astar,186,07:30,1,892.147,0.000,742,45,2.282
greedy,186,07:30,1,1346.777,50.959,56,53,0.178
bidijkstra,186,07:30,1,892.147,0.000,1048,94,3.417
idastar,186,07:30,1,893.088,0.105,887259,51,915.432
beam,186,07:30,1,1244.554,39.501,1010,50,2.745
bfs,187,07:30,1,907.544,11.681,485,76,0.373
dfs,187,07:30,1,9265.257,1040.167,460,137,5.414
iddfs,187,07:30,1,907.544,11.681,6331,15,10.030
ucs,187,07:30,1,812.623,0.000,1763,91,5.272
dijkstra,187,07:30,1,812.623,0.000,1763,91,3.920
astar,187,07:30,1,812.623,0.000,1377,88,4.938
greedy,187,07:30,1,904.004,11.245,19,14,0.121
bidijkstra,187,07:30,1,812.623,0.000,652,77,3.099
idastar,187,07:30,1,812.623,0.000,1005374,39,1337.751
beam,187,07:30,1,833.191,2.531,514,50,1.528
bfs,188,07:30,1,980.337,1.487,896,108,0.761
dfs,188,07:30,1,14070.941,1356.664,979,176,14.880
iddfs,188,07:30,1,980.337,1.487,22184,20,44.768
ucs,188,07:30,1,965.970,0.000,1966,93,3.972
dijkstra,188,07:30,1,965.970,0.000,1966,93,4.778
astar,188,07:30,1,965.970,0.000,1703,101,6.885
greedy,188,07:30,1,974.673,0.901,30,29,0.136
bidijkstra,188,07:30,1,965.970,0.000,577,78,1.940
idastar,188,07:30,1,965.970,0.000,1537703,42,1672.999
beam,188,07:30,0,,,1971,50,4.702
bfs,189,07:30,1,834.752,24.370,866,98,0.679
dfs,189,07:30,1,4964.956,639.733,210,80,1.498
iddfs,189,07:30,1,834.752,24.370,19419,19,37.772
ucs,189,07:30,1,671.182,0.000,1242,68,3.375
dijkstra,189,07:30,1,671.182,0.000,1242,68,2.727
astar,189,07:30,1,671.182,0.000,941,68,3.132
greedy,189,07:30,1,936.044,39.462,23,20,0.086
bidijkstra,189,07:30,1,671.182,0.000,542,69,1.639
idastar,189,07:30,1,674.855,0.547,750002,43,727.766
beam,189,07:30,1,834.752,24.370,669,50,1.907
bfs,190,07:30,1,420.647,21.359,394,65,0.240
dfs,190,07:30,1,11290.862,3157.470,1202,172,18.826
iddfs,190,07:30,1,420.647,21.359,6434,18,10.334
ucs,190,07:30,1,346.614,0.000,346,49,0.672
dijkstra,190,07:30,1,346.614,0.000,346,49,0.598
astar,190,07:30,1,346.614,0.000,165,30,0.551
greedy,190,07:30,1,468.202,35.078,28,21,0.091
bidijkstra,190,07:30,1,346.614,0.000,128,26,0.367
idastar,190,07:30,1,346.784,0.049,10483,17,9.654
beam,190,07:30,1,420.647,21.359,393,50,1.603
bfs,191,07:30,1,1265.217,7.180,1888,79,1.248
dfs,191,07:30,1,14734.351,1148.184,1606,258,35.016
iddfs,191,07:30,1,1265.217,7.180,328644,45,1076.804
ucs,191,07:30,1,1180.463,0.000,1854,66,3.821
dijkstra,191,07:30,1,1180.463,0.000,1854,66,3.548
astar,191,07:30,1,1180.463,0.000,1637,86,6.755
greedy,191,07:30,1,1699.259,43.949,78,59,0.330
bidijkstra,191,07:30,1,1180.463,0.000,1228,101,4.537
idastar,191,07:30,1,1180.463,0.000,1056452,40,1255.042
beam,191,07:30,1,1236.656,4.760,1772,50,6.124
bfs,192,07:30,1,491.873,14.032,534,72,0.391
dfs,192,07:30,1,19890.483,4511.261,1403,271,34.462
iddfs,192,07:30,1,491.873,14.032,7914,16,12.476
ucs,192,07:30,1,431.346,0.000,458,41,1.107
dijkstra,192,07:30,1,431.346,0.000,458,41,0.802
astar,192,07:30,1,431.346,0.000,349,44,1.652
greedy,192,07:30,1,491.873,14.032,27,22,0.165
bidijkstra,192,07:30,1,431.346,0.000,155,33,1.031
idastar,192,07:30,1,432.098,0.174,45866,24,46.578
beam,192,07:30,1,491.873,14.032,475,50,1.224
bfs,193,07:30,1,406.711,41.402,273,63,0.157
dfs,193,07:30,1,8857.255,2979.408,1355,170,23.254
iddfs,193,07:30,1,406.711,41.402,1750,10,2.119
ucs,193,07:30,1,287.628,0.000,379,59,0.770
dijkstra,193,07:30,1,287.628,0.000,379,59,0.616
astar,193,07:30,1,287.628,0.000,174,35,0.571
greedy,193,07:30,1,377.881,31.378,15,15,0.052
bidijkstra,193,07:30,1,287.628,0.000,149,40,0.518
idastar,193,07:30,1,290.485,0.993,6927,13,6.704
beam,193,07:30,1,406.711,41.402,291,50,0.766
bfs,194,07:30,1,912.334,20.806,1068,77,0.796
dfs,194,07:30,1,14525.992,1823.448,1021,196,18.553
iddfs,194,07:30,1,912.334,20.806,47581,26,106.025
ucs,194,07:30,1,755.206,0.000,1310,83,3.835
dijkstra,194,07:30,1,755.206,0.000,1310,83,3.617
astar,194,07:30,1,755.206,0.000,868,70,2.723
greedy,194,07:30,1,1637.632,116.846,45,34,0.160
bidijkstra,194,07:30,1,755.206,0.000,712,87,2.467
idastar,194,07:30,1,755.206,0.000,521214,41,540.515
beam,194,07:30,1,912.334,20.806,1005,50,2.307
bfs,195,07:30,1,1560.787,75.953,1945,129,1.021
dfs,195,07:30,1,13594.789,1432.587,1779,241,37.500
iddfs,195,07:30,1,1560.787,75.953,169693,32,424.446
ucs,195,07:30,1,887.048,0.000,1952,89,5.270
dijkstra,195,07:30,1,887.048,0.000,1952,89,4.592
astar,195,07:30,1,887.048,0.000,1578,122,9.444
greedy,195,07:30,1,1554.709,75.268,64,51,0.252
bidijkstra,195,07:30,1,887.048,0.000,1026,105,4.087
idastar,195,07:30,1,887.250,0.023,717556,34,754.853
beam,195,07:30,1,989.058,11.500,1493,50,4.668
bfs,196,07:30,1,317.729,12.307,647,88,0.576
dfs,196,07:30,1,8989.706,3077.585,1145,166,14.564
iddfs,196,07:30,1,317.729,12.307,9956,17,13.644
ucs,196,07:30,1,282.910,0.000,357,50,0.696
dijkstra,196,07:30,1,282.910,0.000,357,50,0.673
astar,196,07:30,1,282.910,0.000,147,32,0.492
greedy,196,07:30,1,847.877,199.698,63,31,0.186
bidijkstra,196,07:30,1,282.910,0.000,128,37,0.366
idastar,196,07:30,1,282.910,0.000,3953,17,3.667
beam,196,07:30,1,282.910,0.000,510,50,1.226
bfs,197,07:30,1,834.289,18.969,1560,120,1.407
dfs,197,07:30,1,11356.288,1519.396,721,165,8.456
iddfs,197,07:30,1,834.289,18.969,68514,27,134.984
ucs,197,07:30,1,701.267,0.000,1477,84,2.961
dijkstra,197,07:30,1,701.267,0.000,1477,84,2.540
astar,197,07:30,1,701.267,0.000,872,87,3.598
greedy,197,07:30,1,819.112,16.805,70,39,0.276
bidijkstra,197,07:30,1,701.267,0.000,760,88,3.475
idastar,197,07:30,1,702.713,0.206,131837,25,127.569
beam,197,07:30,1,787.820,12.342,1025,50,3.387
bfs,198,07:30,1,2058.770,30.703,1745,72,1.109
dfs,198,07:30,1,11517.123,631.178,1770,253,40.044
iddfs,198,07:30,1,2058.770,30.703,283690,37,918.249
ucs,198,07:30,1,1575.146,0.000,1755,64,6.690
dijkstra,198,07:30,1,1575.146,0.000,1755,64,9.600
astar,198,07:30,1,1575.146,0.000,1426,74,8.246
greedy,198,07:30,1,1847.989,17.322,85,76,0.753
bidijkstra,198,07:30,1,1575.146,0.000,1538,81,7.543
idastar,198,07:30,1,1577.303,0.137,6774272,51,7255.779
beam,198,07:30,1,2058.770,30.703,1512,50,3.323
bfs,199,07:30,1,1063.897,10.829,1206,104,0.969
dfs,199,07:30,1,17215.329,1693.365,1543,238,31.966
iddfs,199,07:30,1,1063.897,10.829,40116,22,75.483
ucs,199,07:30,1,959.946,0.000,1713,80,5.218
dijkstra,199,07:30,1,959.946,0.000,1713,80,3.782
astar,199,07:30,1,959.946,0.000,1088,62,3.385
greedy,199,07:30,1,1276.259,32.951,227,32,0.480
bidijkstra,199,07:30,1,959.946,0.000,440,52,1.256
idastar,199,07:30,1,959.946,0.000,815619,39,743.112
beam,199,07:30,0,,,2000,50,4.347
bfs,0,22:00,1,414.279,15.806,958,76,0.513
dfs,0,22:00,1,4325.644,1109.179,423,94,3.776
iddfs,0,22:00,1,414.279,15.806,39241,24,83.130
ucs,0,22:00,1,357.734,0.000,1061,105,3.491
dijkstra,0,22:00,1,357.734,0.000,1061,105,2.681
astar,0,22:00,1,357.734,0.000,322,67,1.108
greedy,0,22:00,1,414.279,15.806,28,36,0.104
bidijkstra,0,22:00,1,357.734,0.000,637,82,2.288
idastar,0,22:00,1,357.734,0.000,12285,20,13.341
beam,0,22:00,1,414.279,15.806,853,50,2.269
bfs,1,22:00,1,1130.959,100.847,1807,87,1.417
dfs,1,22:00,1,6914.327,1127.912,694,130,8.364
iddfs,1,22:00,1,1130.959,100.847,227691,31,600.476
ucs,1,22:00,1,563.096,0.000,1908,87,4.594
dijkstra,1,22:00,1,563.096,0.000,1908,87,4.429
astar,1,22:00,1,563.096,0.000,931,78,5.111
greedy,1,22:00,1,1010.376,79.432,46,36,0.227
bidijkstra,1,22:00,1,563.096,0.000,1131,107,4.823
idastar,1,22:00,1,563.831,0.131,246231,30,257.462
beam,1,22:00,1,733.233,30.215,1513,50,4.007
bfs,2,22:00,1,638.548,32.146,1801,79,1.141
dfs,2,22:00,1,9549.216,1876.193,1678,224,37.611
iddfs,2,22:00,1,638.548,32.146,185422,34,535.178
ucs,2,22:00,1,483.213,0.000,1472,100,2.932
dijkstra,2,22:00,1,483.213,0.000,1472,100,3.720
astar,2,22:00,1,483.213,0.000,536,83,2.327
greedy,2,22:00,1,504.137,4.330,51,36,0.169
bidijkstra,2,22:00,1,483.213,0.000,908,90,2.956
idastar,2,22:00,1,483.213,0.000,29970,26,29.462
beam,2,22:00,1,638.548,32.146,1489,50,3.920
bfs,3,22:00,1,467.294,22.694,1044,87,0.614
dfs,3,22:00,1,10534.441,2665.953,914,208,14.644
iddfs,3,22:00,1,467.294,22.694,37985,21,68.152
ucs,3,22:00,1,380.861,0.000,1129,78,2.836
dijkstra,3,22:00,1,380.861,0.000,1129,78,2.834
astar,3,22:00,1,380.861,0.000,671,81,2.188
greedy,3,22:00,1,837.627,119.930,51,37,0.148
bidijkstra,3,22:00,1,380.861,0.000,765,98,2.521
idastar,3,22:00,1,381.922,0.279,162891,31,161.376
beam,3,22:00,1,455.175,19.512,812,50,1.829
bfs,4,22:00,1,409.932,10.024,1549,102,1.677
dfs,4,22:00,1,5449.693,1362.678,442,115,4.305
iddfs,4,22:00,1,409.932,10.024,79961,28,208.185
ucs,4,22:00,1,372.583,0.000,1109,98,2.873
dijkstra,4,22:00,1,372.583,0.000,1109,98,2.433
astar,4,22:00,1,372.583,0.000,286,60,1.084
greedy,4,22:00,1,432.183,15.996,51,45,0.185
bidijkstra,4,22:00,1,372.583,0.000,521,68,1.720
idastar,4,22:00,1,372.583,0.000,6749,20,7.707
beam,4,22:00,1,378.672,1.634,1060,50,2.634
bfs,5,22:00,1,806.595,131.551,1842,88,1.277
dfs,5,22:00,1,3434.526,885.958,205,67,1.325
iddfs,5,22:00,1,806.595,131.551,172954,31,412.111
ucs,5,22:00,1,348.344,0.000,1181,85,2.381
dijkstra,5,22:00,1,348.344,0.000,1181,85,2.236
astar,5,22:00,1,348.344,0.000,433,80,2.373
greedy,5,22:00,1,1376.973,295.291,79,52,0.352
bidijkstra,5,22:00,1,348.344,0.000,533,78,1.856
idastar,5,22:00,1,348.374,0.009,112852,36,98.421
beam,5,22:00,1,424.996,22.005,1398,50,3.692
bfs,6,22:00,1,1121.952,181.459,501,63,0.381
dfs,6,22:00,1,13981.805,3407.550,1307,246,33.422
iddfs,6,22:00,1,1121.952,181.459,6157,16,9.599
ucs,6,22:00,1,398.620,0.000,969,60,1.856
dijkstra,6,22:00,1,398.620,0.000,969,60,1.374
astar,6,22:00,1,398.620,0.000,614,52,1.845
greedy,6,22:00,1,1122.569,181.614,30,19,0.091
bidijkstra,6,22:00,1,398.620,0.000,517,68,1.687
idastar,6,22:00,1,398.620,0.000,106920,35,111.674
beam,6,22:00,1,502.349,26.022,963,50,2.434
bfs,7,22:00,1,417.946,7.305,815,77,0.450
dfs,7,22:00,1,12280.923,3053.036,963,240,16.612
iddfs,7,22:00,1,417.946,7.305,34502,27,84.082
ucs,7,22:00,1,389.495,0.000,767,67,1.645
dijkstra,7,22:00,1,389.495,0.000,767,67,1.139
astar,7,22:00,1,389.495,0.000,316,42,0.958
greedy,7,22:00,1,400.205,2.750,154,23,0.273
bidijkstra,7,22:00,1,389.495,0.000,309,43,0.732
idastar,7,22:00,1,389.495,0.000,26461,25,24.870
beam,7,22:00,1,417.946,7.305,752,50,3.365
bfs,8,22:00,1,500.407,38.121,1327,71,1.323
dfs,8,22:00,1,3999.752,1004.001,2004,237,41.688
iddfs,8,22:00,1,500.407,38.121,105758,33,263.535
ucs,8,22:00,1,362.296,0.000,983,86,1.992
dijkstra,8,22:00,1,362.296,0.000,983,86,1.971
astar,8,22:00,1,362.296,0.000,509,67,2.098
greedy,8,22:00,1,389.893,7.617,88,51,0.393
bidijkstra,8,22:00,1,362.296,0.000,564,62,1.855
idastar,8,22:00,1,362.296,0.000,54366,32,47.257
beam,8,22:00,1,488.288,34.776,1224,50,2.871
bfs,9,22:00,1,1314.200,2.442,1243,100,0.747
dfs,9,22:00,1,10217.735,696.471,649,166,6.323
iddfs,9,22:00,1,1314.200,2.442,87434,30,225.812
ucs,9,22:00,1,1282.876,0.000,795,63,1.421
dijkstra,9,22:00,1,1282.876,0.000,795,63,1.137
astar,9,22:00,1,1282.876,0.000,251,52,0.802
greedy,9,22:00,1,1405.801,9.582,69,30,0.170
bidijkstra,9,22:00,1,1282.876,0.000,1805,92,7.295
idastar,9,22:00,1,1282.876,0.000,15670,26,15.311
beam,9,22:00,1,1296.129,1.033,1024,50,2.980
bfs,10,22:00,1,303.488,24.096,570,77,0.361
dfs,10,22:00,1,12755.047,5115.536,1533,240,33.246
iddfs,10,22:00,1,303.488,24.096,10110,17,14.765
ucs,10,22:00,1,244.559,0.000,620,73,1.172
dijkstra,10,22:00,1,244.559,0.000,620,73,0.952
astar,10,22:00,1,244.559,0.000,139,36,0.457
greedy,10,22:00,1,339.935,38.999,34,24,0.094
bidijkstra,10,22:00,1,244.559,0.000,178,33,0.458
idastar,10,22:00,1,244.559,0.000,2524,17,2.246
beam,10,22:00,1,303.488,24.096,507,50,1.107
bfs,11,22:00,1,587.968,9.474,1207,81,1.008
dfs,11,22:00,1,5020.483,834.766,598,98,4.204
iddfs,11,22:00,1,587.968,9.474,45059,28,95.317
ucs,11,22:00,1,537.084,0.000,1673,86,4.454
dijkstra,11,22:00,1,537.084,0.000,1673,86,3.432
astar,11,22:00,1,537.084,0.000,865,71,2.743
greedy,11,22:00,1,548.819,2.185,32,36,0.118
bidijkstra,11,22:00,1,537.084,0.000,1002,102,3.858
idastar,11,22:00,1,538.137,0.196,118187,38,122.912
beam,11,22:00,1,581.326,8.237,979,50,2.156
bfs,12,22:00,1,281.359,8.234,925,106,0.625
dfs,12,22:00,1,2220.861,754.326,113,48,0.448
iddfs,12,22:00,1,281.359,8.234,16872,24,33.861
ucs,12,22:00,1,259.955,0.000,610,65,1.249
dijkstra,12,22:00,1,259.955,0.000,610,65,1.163
astar,12,22:00,1,259.955,0.000,304,48,1.367
greedy,12,22:00,1,558.036,114.666,90,44,0.261
bidijkstra,12,22:00,1,259.955,0.000,285,66,0.980
idastar,12,22:00,1,259.955,0.000,13238,21,12.600
beam,12,22:00,1,281.359,8.234,619,50,1.402
bfs,13,22:00,1,559.259,41.620,2041,119,2.116
dfs,13,22:00,1,9837.429,2391.104,1800,238,36.399
iddfs,13,22:00,1,559.259,41.620,222124,34,602.242
ucs,13,22:00,1,394.902,0.000,1458,105,3.291
dijkstra,13,22:00,1,394.902,0.000,1458,105,3.490
astar,13,22:00,1,394.902,0.000,406,66,1.474
greedy,13,22:00,1,515.245,30.474,51,43,0.200
bidijkstra,13,22:00,1,394.902,0.000,575,76,2.135
idastar,13,22:00,1,394.902,0.000,12353,24,15.026
beam,13,22:00,1,559.259,41.620,1407,50,5.179
bfs,14,22:00,1,907.730,80.342,1092,77,0.893
dfs,14,22:00,1,11505.980,2185.936,865,226,12.162
iddfs,14,22:00,1,907.730,80.342,63311,32,208.639
ucs,14,22:00,1,503.338,0.000,1004,78,2.594
dijkstra,14,22:00,1,503.338,0.000,1004,78,2.183
astar,14,22:00,1,503.338,0.000,442,65,1.941
greedy,14,22:00,1,921.296,83.037,63,30,0.230
bidijkstra,14,22:00,1,503.338,0.000,942,103,6.272
idastar,14,22:00,1,504.323,0.196,26191,38,40.439
beam,14,22:00,1,637.142,26.583,1002,50,2.815
bfs,15,22:00,1,1151.660,83.154,2102,73,1.939
dfs,15,22:00,1,6773.766,977.268,1989,246,46.264
iddfs,15,22:00,1,1151.660,83.154,461803,45,1654.691
ucs,15,22:00,1,628.791,0.000,1593,82,4.160
dijkstra,15,22:00,1,628.791,0.000,1593,82,3.722
astar,15,22:00,1,628.791,0.000,679,95,2.810
greedy,15,22:00,1,1040.204,65.429,90,58,0.349
bidijkstra,15,22:00,1,628.791,0.000,931,86,3.558
idastar,15,22:00,1,628.791,0.000,58173,36,64.732
beam,15,22:00,1,1008.786,60.433,2005,50,7.783
bfs,16,22:00,1,689.094,68.974,1577,102,1.097
dfs,16,22:00,1,4767.864,1069.138,2045,257,47.251
iddfs,16,22:00,1,689.094,68.974,106758,29,248.096
ucs,16,22:00,1,407.810,0.000,1300,93,2.812
dijkstra,16,22:00,1,407.810,0.000,1300,93,3.244
astar,16,22:00,1,407.810,0.000,794,72,3.152
greedy,16,22:00,1,1406.674,244.934,67,43,0.288
bidijkstra,16,22:00,1,407.810,0.000,661,73,2.203
idastar,16,22:00,1,411.853,0.991,185897,37,189.268
beam,16,22:00,1,523.110,28.273,1164,50,3.321
bfs,17,22:00,1,461.608,13.296,607,73,0.354
dfs,17,22:00,1,785.265,92.734,53,36,0.197
iddfs,17,22:00,1,461.608,13.296,10111,21,19.283
ucs,17,22:00,1,407.436,0.000,794,51,2.694
dijkstra,17,22:00,1,407.436,0.000,794,51,1.680
astar,17,22:00,1,407.436,0.000,509,55,1.576
greedy,17,22:00,1,710.813,74.460,109,30,0.250
bidijkstra,17,22:00,1,407.436,0.000,253,45,0.632
idastar,17,22:00,1,407.436,0.000,73332,27,76.593
beam,17,22:00,1,461.608,13.296,529,50,1.411
bfs,18,22:00,1,714.648,15.346,1419,59,0.990
dfs,18,22:00,1,1701.281,174.591,163,52,0.692
iddfs,18,22:00,1,714.648,15.346,125197,34,343.294
ucs,18,22:00,1,619.569,0.000,1675,73,3.643
dijkstra,18,22:00,1,619.569,0.000,1675,73,3.752
astar,18,22:00,1,619.569,0.000,935,64,3.928
greedy,18,22:00,1,863.111,39.308,56,35,0.202
bidijkstra,18,22:00,1,619.569,0.000,709,62,2.668
idastar,18,22:00,1,621.088,0.245,350049,38,444.771
beam,18,22:00,1,666.980,7.652,1353,50,10.011
bfs,19,22:00,1,776.044,47.519,596,65,0.961
dfs,19,22:00,1,6952.870,1221.675,318,132,5.252
iddfs,19,22:00,1,776.044,47.519,11486,18,28.673
ucs,19,22:00,1,526.065,0.000,1224,66,3.654
dijkstra,19,22:00,1,526.065,0.000,1224,66,4.185
astar,19,22:00,1,526.065,0.000,735,67,2.693
greedy,19,22:00,1,789.845,50.142,24,23,0.096
bidijkstra,19,22:00,1,526.065,0.000,960,123,4.600
idastar,19,22:00,1,526.065,0.000,49173,25,63.106
beam,19,22:00,1,745.837,41.777,618,50,2.039
bfs,20,22:00,1,613.152,54.674,867,79,0.893
dfs,20,22:00,1,12583.175,3074.235,1430,229,28.734
iddfs,20,22:00,1,613.152,54.674,25005,27,57.175
ucs,20,22:00,1,396.416,0.000,801,72,1.742
dijkstra,20,22:00,1,396.416,0.000,801,72,1.650
astar,20,22:00,1,396.416,0.000,414,50,1.797
greedy,20,22:00,1,705.757,78.034,63,40,0.297
bidijkstra,20,22:00,1,396.416,0.000,490,53,2.263
idastar,20,22:00,1,398.432,0.509,22984,25,26.598
beam,20,22:00,1,613.152,54.674,749,50,2.055
bfs,21,22:00,1,885.240,25.675,1943,83,2.822
dfs,21,22:00,1,8576.786,1117.620,717,128,9.012
iddfs,21,22:00,1,885.240,25.675,211830,35,716.511
ucs,21,22:00,1,704.389,0.000,1583,79,7.988
dijkstra,21,22:00,1,704.389,0.000,1583,79,7.707
astar,21,22:00,1,704.389,0.000,482,87,5.345
greedy,21,22:00,1,1372.326,94.825,49,46,0.481
bidijkstra,21,22:00,1,704.389,0.000,616,86,4.992
idastar,21,22:00,1,707.969,0.508,12495,21,31.856
beam,21,22:00,1,881.660,25.167,1474,50,13.139
bfs,22,22:00,1,812.005,38.977,1648,98,3.624
dfs,22,22:00,1,10871.821,1760.737,1735,240,50.230
iddfs,22,22:00,1,812.005,38.977,94141,28,241.735
ucs,22,22:00,1,584.275,0.000,1930,84,4.615
dijkstra,22,22:00,1,584.275,0.000,1930,84,6.154
astar,22,22:00,1,584.275,0.000,1372,116,5.393
greedy,22,22:00,1,861.562,47.458,53,33,0.239
bidijkstra,22,22:00,1,584.275,0.000,1282,123,7.259
idastar,22,22:00,1,584.275,0.000,380908,35,566.138
beam,22,22:00,1,654.948,12.096,1511,50,7.642
bfs,23,22:00,1,1621.148,9.851,1643,100,2.050
dfs,23,22:00,1,4112.710,178.683,368,67,1.847
iddfs,23,22:00,1,1621.148,9.851,146820,32,494.731
ucs,23,22:00,1,1475.766,0.000,1914,91,4.190
dijkstra,23,22:00,1,1475.766,0.000,1914,91,5.835
astar,23,22:00,1,1475.766,0.000,1255,98,6.241
greedy,23,22:00,1,2628.035,78.079,107,52,0.376
bidijkstra,23,22:00,1,1475.766,0.000,2003,84,8.510
idastar,23,22:00,1,1475.766,0.000,331383,39,477.791
beam,23,22:00,1,1580.675,7.109,1404,50,3.245
bfs,24,22:00,1,439.096,6.254,1415,83,1.305
dfs,24,22:00,1,4282.883,936.392,304,82,1.994
iddfs,24,22:00,1,439.096,6.254,94117,37,247.513
ucs,24,22:00,1,413.249,0.000,1213,79,3.110
dijkstra,24,22:00,1,413.249,0.000,1213,79,2.119
astar,24,22:00,1,413.249,0.000,579,65,1.669
greedy,24,22:00,1,447.856,8.374,62,33,0.154
bidijkstra,24,22:00,1,413.249,0.000,629,71,1.959
idastar,24,22:00,1,416.645,0.822,33537,33,34.398
beam,24,22:00,1,439.096,6.254,1151,50,3.122
bfs,25,22:00,1,1214.814,261.623,510,64,0.413
dfs,25,22:00,1,15017.367,4370.332,1534,259,35.061
iddfs,25,22:00,1,1214.814,261.623,11327,22,22.406
ucs,25,22:00,1,335.934,0.000,425,45,1.123
dijkstra,25,22:00,1,335.934,0.000,425,45,0.763
astar,25,22:00,1,335.934,0.000,205,42,0.630
greedy,25,22:00,1,1209.391,260.008,48,13,0.107
bidijkstra,25,22:00,1,335.934,0.000,373,53,1.058
idastar,25,22:00,1,335.934,0.000,17408,25,15.346
beam,25,22:00,1,688.825,105.048,629,50,2.755
bfs,26,22:00,1,1629.620,40.359,2015,87,1.471
dfs,26,22:00,1,4639.979,299.641,278,89,1.579
iddfs,26,22:00,1,1629.620,40.359,424087,40,1221.223
ucs,26,22:00,1,1161.038,0.000,2115,83,4.241
dijkstra,26,22:00,1,1161.038,0.000,2115,83,4.147
astar,26,22:00,1,1161.038,0.000,2106,114,8.344
greedy,26,22:00,1,1659.136,42.901,61,52,0.214
bidijkstra,26,22:00,1,1161.038,0.000,1899,87,5.999
idastar,26,22:00,1,1161.038,0.000,11589050,65,11874.775
beam,26,22:00,1,1608.639,38.552,1672,50,6.566
bfs,27,22:00,1,373.086,1.913,272,49,0.273
dfs,27,22:00,1,13442.658,3572.030,1296,247,28.070
iddfs,27,22:00,1,373.086,1.913,2647,15,3.875
ucs,27,22:00,1,366.083,0.000,534,52,1.291
dijkstra,27,22:00,1,366.083,0.000,534,52,1.388
astar,27,22:00,1,366.083,0.000,292,43,1.187
greedy,27,22:00,1,373.086,1.913,22,17,0.084
bidijkstra,27,22:00,1,366.083,0.000,448,67,1.542
idastar,27,22:00,1,366.083,0.000,14745,22,13.694
beam,27,22:00,1,373.086,1.913,275,44,0.632
bfs,28,22:00,1,676.097,13.027,1072,60,0.628
dfs,28,22:00,1,10597.677,1671.683,800,197,14.098
iddfs,28,22:00,1,676.097,13.027,106358,34,295.649
ucs,28,22:00,1,598.170,0.000,1011,57,2.362
dijkstra,28,22:00,1,598.170,0.000,1011,57,2.033
astar,28,22:00,1,598.170,0.000,579,49,1.669
greedy,28,22:00,1,672.653,12.452,78,54,0.220
bidijkstra,28,22:00,1,598.170,0.000,768,64,2.164
idastar,28,22:00,1,599.690,0.254,244857,43,226.899
beam,28,22:00,1,666.733,11.462,1035,50,2.376
bfs,29,22:00,1,1438.513,170.985,1769,66,1.242
dfs,29,22:00,1,10434.609,1865.655,604,195,9.111
iddfs,29,22:00,1,1438.513,170.985,274320,37,763.543
ucs,29,22:00,1,530.846,0.000,1435,84,3.731
dijkstra,29,22:00,1,530.846,0.000,1435,84,2.358
astar,29,22:00,1,530.846,0.000,718,74,2.271
greedy,29,22:00,1,1055.000,98.739,48,41,0.169
bidijkstra,29,22:00,1,530.846,0.000,1244,112,5.268
idastar,29,22:00,1,530.846,0.000,110166,34,105.642
beam,29,22:00,1,1048.692,97.551,1760,50,4.315
bfs,30,22:00,1,570.863,38.547,1891,78,0.994
dfs,30,22:00,1,4172.057,912.546,325,96,2.727
iddfs,30,22:00,1,570.863,38.547,205835,33,535.858
ucs,30,22:00,1,412.036,0.000,1180,103,2.494
dijkstra,30,22:00,1,412.036,0.000,1180,103,2.321
astar,30,22:00,1,412.036,0.000,564,64,1.733
greedy,30,22:00,1,1002.449,143.291,69,50,0.204
bidijkstra,30,22:00,1,412.036,0.000,562,67,1.611
idastar,30,22:00,1,412.036,0.000,116039,35,104.334
beam,30,22:00,1,542.717,31.716,1530,50,4.392
bfs,31,22:00,1,816.357,119.678,804,77,0.530
dfs,31,22:00,1,13623.255,3565.952,1154,234,21.091
iddfs,31,22:00,1,816.357,119.678,22635,23,41.197
ucs,31,22:00,1,371.616,0.000,726,52,1.458
dijkstra,31,22:00,1,371.616,0.000,726,52,1.559
astar,31,22:00,1,371.616,0.000,422,50,1.486
greedy,31,22:00,1,780.646,110.068,27,24,0.101
bidijkstra,31,22:00,1,371.616,0.000,596,110,2.186
idastar,31,22:00,1,374.292,0.720,32254,25,31.258
beam,31,22:00,1,514.684,38.499,913,50,3.008
bfs,32,22:00,1,463.505,1.890,754,72,0.571
dfs,32,22:00,1,6413.895,1309.930,1626,233,31.365
iddfs,32,22:00,1,463.505,1.890,18081,21,33.412
ucs,32,22:00,1,454.909,0.000,927,51,2.579
dijkstra,32,22:00,1,454.909,0.000,927,51,2.654
astar,32,22:00,1,454.909,0.000,507,57,1.546
greedy,32,22:00,1,828.043,82.024,47,29,0.122
bidijkstra,32,22:00,1,454.909,0.000,640,75,1.931
idastar,32,22:00,1,454.909,0.000,38070,23,36.618
beam,32,22:00,1,463.505,1.890,630,50,1.362
bfs,33,22:00,1,640.847,14.942,1221,80,0.674
dfs,33,22:00,1,3291.381,490.343,1998,261,45.626
iddfs,33,22:00,1,640.847,14.942,50352,31,138.824
ucs,33,22:00,1,557.537,0.000,1216,73,3.380
dijkstra,33,22:00,1,557.537,0.000,1216,73,2.591
astar,33,22:00,1,557.537,0.000,603,77,1.864
greedy,33,22:00,1,588.827,5.612,59,42,0.179
bidijkstra,33,22:00,1,557.537,0.000,866,94,2.897
idastar,33,22:00,1,559.030,0.268,49213,35,44.515
beam,33,22:00,1,634.074,13.728,975,50,3.056
bfs,34,22:00,1,352.524,13.383,538,62,0.379
dfs,34,22:00,1,13674.748,4298.248,1248,241,24.623
iddfs,34,22:00,1,352.524,13.383,10684,18,16.974
ucs,34,22:00,1,310.913,0.000,809,68,1.567
dijkstra,34,22:00,1,310.913,0.000,809,68,1.248
astar,34,22:00,1,310.913,0.000,363,56,1.646
greedy,34,22:00,1,317.385,2.081,22,24,0.087
bidijkstra,34,22:00,1,310.913,0.000,396,65,1.137
idastar,34,22:00,1,312.413,0.482,15610,18,16.187
beam,34,22:00,1,352.524,13.383,509,50,1.110
bfs,35,22:00,1,698.855,64.224,1286,82,0.692
dfs,35,22:00,1,8580.375,1916.301,1736,174,26.650
iddfs,35,22:00,1,698.855,64.224,71078,30,160.659
ucs,35,22:00,1,425.550,0.000,1050,85,3.124
dijkstra,35,22:00,1,425.550,0.000,1050,85,2.126
astar,35,22:00,1,425.550,0.000,521,71,1.780
greedy,35,22:00,1,953.945,124.167,61,33,0.198
bidijkstra,35,22:00,1,425.550,0.000,952,116,3.631
idastar,35,22:00,1,429.617,0.956,29118,27,30.328
beam,35,22:00,1,686.344,61.284,1085,50,3.223
bfs,36,22:00,1,225.805,16.412,406,51,0.329
dfs,36,22:00,1,2320.724,1096.427,127,55,0.673
iddfs,36,22:00,1,225.805,16.412,6159,16,9.474
ucs,36,22:00,1,193.971,0.000,340,37,0.675
dijkstra,36,22:00,1,193.971,0.000,340,37,0.615
astar,36,22:00,1,193.971,0.000,203,28,0.621
greedy,36,22:00,1,200.974,3.610,18,15,0.057
bidijkstra,36,22:00,1,193.971,0.000,197,44,0.515
idastar,36,22:00,1,193.971,0.000,7270,19,6.865
beam,36,22:00,1,225.805,16.412,391,47,1.524
bfs,37,22:00,1,450.793,9.267,1706,86,1.126
dfs,37,22:00,1,8270.248,1904.607,701,160,8.166
iddfs,37,22:00,1,450.793,9.267,121869,30,285.698
ucs,37,22:00,1,412.562,0.000,1500,90,3.036
dijkstra,37,22:00,1,412.562,0.000,1500,90,4.214
astar,37,22:00,1,412.562,0.000,476,76,1.610
greedy,37,22:00,1,621.866,50.733,78,47,0.221
bidijkstra,37,22:00,1,412.562,0.000,921,109,3.633
idastar,37,22:00,1,412.562,0.000,17724,21,16.930
beam,37,22:00,1,450.793,9.267,1256,50,3.312
bfs,38,22:00,1,1117.432,9.932,1845,92,1.051
dfs,38,22:00,1,4567.869,349.385,519,99,3.022
iddfs,38,22:00,1,1117.432,9.932,234852,33,573.212
ucs,38,22:00,1,1016.472,0.000,2096,83,4.375
dijkstra,38,22:00,1,1016.472,0.000,2096,83,4.232
astar,38,22:00,1,1016.472,0.000,2082,106,8.518
greedy,38,22:00,1,1180.117,16.099,90,51,0.305
bidijkstra,38,22:00,1,1016.472,0.000,1895,93,7.647
idastar,38,22:00,1,1016.472,0.000,8411320,67,8959.533
beam,38,22:00,1,1117.432,9.932,1476,50,3.367
bfs,39,22:00,1,1046.958,90.516,1705,85,1.097
dfs,39,22:00,1,10142.045,1745.554,1580,173,27.808
iddfs,39,22:00,1,1046.958,90.516,169400,35,534.292
ucs,39,22:00,1,549.539,0.000,1712,80,9.172
dijkstra,39,22:00,1,549.539,0.000,1712,80,8.161
astar,39,22:00,1,549.539,0.000,946,104,7.207
greedy,39,22:00,1,1137.080,106.915,60,48,0.283
bidijkstra,39,22:00,1,549.539,0.000,1303,119,7.092
idastar,39,22:00,1,549.539,0.000,90799,25,121.345
beam,39,22:00,1,691.340,25.804,1334,50,3.123
bfs,40,22:00,1,400.000,21.648,397,56,0.599
dfs,40,22:00,1,12263.881,3629.707,1546,223,34.884
iddfs,40,22:00,1,400.000,21.648,5490,21,10.808
ucs,40,22:00,1,328.816,0.000,551,67,1.265
dijkstra,40,22:00,1,328.816,0.000,551,67,1.035
astar,40,22:00,1,328.816,0.000,176,32,0.686
greedy,40,22:00,1,328.816,0.000,38,17,0.099
bidijkstra,40,22:00,1,328.816,0.000,261,34,0.758
idastar,40,22:00,1,328.816,0.000,5026,19,5.608
beam,40,22:00,1,400.000,21.648,383,50,1.368
bfs,41,22:00,1,494.775,30.120,1116,81,0.781
dfs,41,22:00,1,6233.622,1539.366,1879,257,47.735
iddfs,41,22:00,1,494.775,30.120,60211,31,166.306
ucs,41,22:00,1,380.246,0.000,938,95,3.334
dijkstra,41,22:00,1,380.246,0.000,938,95,2.634
astar,41,22:00,1,380.246,0.000,545,54,2.586
greedy,41,22:00,1,1585.560,316.983,53,37,0.197
bidijkstra,41,22:00,1,380.246,0.000,400,58,1.667
idastar,41,22:00,1,380.246,0.000,72921,36,76.148
beam,41,22:00,1,494.775,30.120,932,50,2.473
bfs,42,22:00,1,2176.248,109.493,1659,72,1.263
dfs,42,22:00,1,15705.928,1411.907,1406,253,32.492
iddfs,42,22:00,1,2176.248,109.493,257794,37,896.227
ucs,42,22:00,1,1038.816,0.000,1474,74,4.357
dijkstra,42,22:00,1,1038.816,0.000,1474,74,3.325
astar,42,22:00,1,1038.816,0.000,912,94,3.334
greedy,42,22:00,1,1554.146,49.607,83,83,0.405
bidijkstra,42,22:00,1,1038.816,0.000,1869,87,5.855
idastar,42,22:00,1,1041.103,0.220,1281184,41,1276.984
beam,42,22:00,1,1552.058,49.406,1605,50,5.695
bfs,43,22:00,1,430.173,1.544,1054,71,0.786
dfs,43,22:00,1,6627.990,1464.556,1502,194,28.347
iddfs,43,22:00,1,430.173,1.544,41680,26,95.454
ucs,43,22:00,1,423.634,0.000,1215,102,3.962
dijkstra,43,22:00,1,423.634,0.000,1215,102,2.540
astar,43,22:00,1,423.634,0.000,420,64,1.755
greedy,43,22:00,1,623.542,47.189,53,39,0.286
bidijkstra,43,22:00,1,423.634,0.000,475,46,2.194
idastar,43,22:00,1,423.634,0.000,23491,23,29.786
beam,43,22:00,1,430.173,1.544,873,50,2.817
bfs,44,22:00,1,1283.941,81.351,1937,102,3.074
dfs,44,22:00,1,6551.881,825.423,324,115,2.648
iddfs,44,22:00,1,1283.941,81.351,263978,36,784.408
ucs,44,22:00,1,707.987,0.000,2031,81,4.805
dijkstra,44,22:00,1,707.987,0.000,2031,81,3.783
astar,44,22:00,1,707.987,0.000,1971,121,7.724
greedy,44,22:00,1,888.062,25.435,48,46,0.230
bidijkstra,44,22:00,1,707.987,0.000,1254,109,4.217
idastar,44,22:00,1,707.987,0.000,1409074,48,1387.698
beam,44,22:00,1,935.719,32.166,1615,50,4.079
bfs,45,22:00,1,728.091,27.002,1398,82,0.870
dfs,45,22:00,1,6879.277,1099.964,486,123,4.729
iddfs,45,22:00,1,728.091,27.002,90460,31,219.919
ucs,45,22:00,1,573.290,0.000,1722,92,3.321
dijkstra,45,22:00,1,573.290,0.000,1722,92,2.988
astar,45,22:00,1,573.290,0.000,878,85,3.397
greedy,45,22:00,1,688.942,20.173,49,47,0.246
bidijkstra,45,22:00,1,573.290,0.000,1103,97,4.946
idastar,45,22:00,1,574.275,0.172,138905,42,134.235
beam,45,22:00,1,712.147,24.221,1156,50,2.773
bfs,46,22:00,1,882.416,53.393,1861,80,1.137
dfs,46,22:00,1,10792.336,1776.064,667,209,10.194
iddfs,46,22:00,1,882.416,53.393,233383,36,687.509
ucs,46,22:00,1,575.265,0.000,1572,89,4.287
dijkstra,46,22:00,1,575.265,0.000,1572,89,2.792
astar,46,22:00,1,575.265,0.000,843,83,2.746
greedy,46,22:00,1,908.394,57.909,68,59,0.230
bidijkstra,46,22:00,1,575.265,0.000,1191,115,4.221
idastar,46,22:00,1,576.784,0.264,116377,48,112.789
beam,46,22:00,1,859.398,49.392,1605,50,3.789
bfs,47,22:00,1,531.091,18.720,1267,79,0.907
dfs,47,22:00,1,8740.530,1853.863,845,175,11.504
iddfs,47,22:00,1,531.091,18.720,72070,27,156.092
ucs,47,22:00,1,447.346,0.000,1324,107,3.305
dijkstra,47,22:00,1,447.346,0.000,1324,107,2.275
astar,47,22:00,1,447.346,0.000,657,71,2.059
greedy,47,22:00,1,448.236,0.199,39,29,0.128
bidijkstra,47,22:00,1,447.346,0.000,794,102,2.749
idastar,47,22:00,1,448.236,0.199,68882,27,64.759
beam,47,22:00,1,531.091,18.720,1101,50,2.353
bfs,48,22:00,1,1312.614,35.094,1917,82,1.598
dfs,48,22:00,1,4899.323,404.236,264,92,1.549
iddfs,48,22:00,1,1312.614,35.094,242351,41,689.584
ucs,48,22:00,1,971.632,0.000,2094,94,5.493
dijkstra,48,22:00,1,971.632,0.000,2094,94,3.934
astar,48,22:00,1,971.632,0.000,2088,103,5.681
greedy,48,22:00,1,1318.403,35.689,70,39,0.200
bidijkstra,48,22:00,1,971.632,0.000,1570,102,5.199
idastar,48,22:00,1,973.036,0.144,10268697,72,11514.220
beam,48,22:00,1,1268.934,30.598,1704,50,3.680
bfs,49,22:00,1,1143.729,60.364,1594,89,0.846
dfs,49,22:00,1,10405.480,1358.967,779,157,9.803
iddfs,49,22:00,1,1143.729,60.364,127660,38,363.778
ucs,49,22:00,1,713.209,0.000,1716,92,3.472
dijkstra,49,22:00,1,713.209,0.000,1716,92,2.939
astar,49,22:00,1,713.209,0.000,841,86,2.478
greedy,49,22:00,1,2063.891,189.381,125,73,0.338
bidijkstra,49,22:00,1,713.209,0.000,1071,93,3.422
idastar,49,22:00,1,717.148,0.552,131092,41,134.463
beam,49,22:00,1,1030.299,44.460,1374,50,3.198
bfs,50,22:00,1,267.070,11.219,482,65,0.289
dfs,50,22:00,1,14221.534,5822.406,1513,254,38.195
iddfs,50,22:00,1,267.070,11.219,5627,16,10.190
ucs,50,22:00,1,240.131,0.000,524,67,1.181
dijkstra,50,22:00,1,240.131,0.000,524,67,0.954
astar,50,22:00,1,240.131,0.000,229,50,1.026
greedy,50,22:00,1,300.741,25.240,42,28,0.198
bidijkstra,50,22:00,1,240.131,0.000,292,77,1.012
idastar,50,22:00,1,242.147,0.840,6675,17,6.707
beam,50,22:00,1,266.121,10.823,438,50,0.997
bfs,51,22:00,1,272.512,48.108,191,29,0.112
dfs,51,22:00,1,935.155,408.250,2074,229,37.005
iddfs,51,22:00,1,272.512,48.108,2132,14,2.469
ucs,51,22:00,1,183.995,0.000,166,24,0.291
dijkstra,51,22:00,1,183.995,0.000,166,24,0.232
astar,51,22:00,1,183.995,0.000,68,18,0.223
greedy,51,22:00,1,272.512,48.108,24,16,0.062
bidijkstra,51,22:00,1,183.995,0.000,86,18,0.203
idastar,51,22:00,1,183.995,0.000,724,10,0.687
beam,51,22:00,1,272.512,48.108,181,24,0.357
bfs,52,22:00,1,602.029,45.366,1150,77,0.618
dfs,52,22:00,1,12353.678,2882.919,918,240,14.258
iddfs,52,22:00,1,602.029,45.366,67046,29,180.319
ucs,52,22:00,1,414.147,0.000,860,67,2.768
dijkstra,52,22:00,1,414.147,0.000,860,67,2.111
astar,52,22:00,1,414.147,0.000,300,45,1.151
greedy,52,22:00,1,612.448,47.882,83,44,0.254
bidijkstra,52,22:00,1,414.147,0.000,701,84,2.593
idastar,52,22:00,1,414.147,0.000,9828,26,9.803
beam,52,22:00,1,579.010,39.808,1004,50,3.082
bfs,53,22:00,1,227.764,7.816,644,80,0.424
dfs,53,22:00,1,16082.425,7512.875,1363,239,26.617
iddfs,53,22:00,1,227.764,7.816,9926,14,15.763
ucs,53,22:00,1,211.253,0.000,586,72,1.239
dijkstra,53,22:00,1,211.253,0.000,586,72,1.395
astar,53,22:00,1,211.253,0.000,211,37,0.848
greedy,53,22:00,1,256.116,21.237,41,27,0.139
bidijkstra,53,22:00,1,211.253,0.000,174,54,0.596
idastar,53,22:00,1,211.253,0.000,6455,20,6.766
beam,53,22:00,1,217.517,2.965,542,50,1.925
bfs,54,22:00,1,311.756,2.615,375,38,0.298
dfs,54,22:00,1,14058.771,4527.456,1092,252,25.218
iddfs,54,22:00,1,311.756,2.615,10962,21,20.604
ucs,54,22:00,1,303.812,0.000,428,39,0.969
dijkstra,54,22:00,1,303.812,0.000,428,39,0.869
astar,54,22:00,1,303.812,0.000,269,34,0.874
greedy,54,22:00,1,303.812,0.000,21,21,0.073
bidijkstra,54,22:00,1,303.812,0.000,289,42,0.783
idastar,54,22:00,1,303.812,0.000,21232,25,22.069
beam,54,22:00,1,311.756,2.615,354,34,1.459
bfs,55,22:00,1,1243.383,156.523,831,64,0.801
dfs,55,22:00,1,2401.776,395.511,113,53,0.501
iddfs,55,22:00,1,1243.383,156.523,30660,24,64.135
ucs,55,22:00,1,484.707,0.000,1100,61,2.191
dijkstra,55,22:00,1,484.707,0.000,1100,61,2.688
astar,55,22:00,1,484.707,0.000,677,52,2.291
greedy,55,22:00,1,609.807,25.809,46,32,0.172
bidijkstra,55,22:00,1,484.707,0.000,810,84,2.947
idastar,55,22:00,1,484.707,0.000,170689,38,178.056
beam,55,22:00,1,879.540,81.458,1016,50,2.676
bfs,56,22:00,1,981.127,75.737,1576,126,1.225
dfs,56,22:00,1,13004.068,2229.253,1460,236,32.420
iddfs,56,22:00,1,981.127,75.737,57386,23,112.887
ucs,56,22:00,1,558.293,0.000,1844,101,3.909
dijkstra,56,22:00,1,558.293,0.000,1844,101,3.657
astar,56,22:00,1,558.293,0.000,833,76,3.073
greedy,56,22:00,1,1246.937,123.348,208,30,0.498
bidijkstra,56,22:00,1,558.293,0.000,637,94,2.135
idastar,56,22:00,1,558.293,0.000,87516,29,88.962
beam,56,22:00,1,558.293,0.000,1220,50,3.704
bfs,57,22:00,1,873.289,60.666,1160,73,0.935
dfs,57,22:00,1,14689.709,2602.585,1441,259,30.688
iddfs,57,22:00,1,873.289,60.666,59677,31,150.854
ucs,57,22:00,1,543.543,0.000,1129,83,2.299
dijkstra,57,22:00,1,543.543,0.000,1129,83,2.728
astar,57,22:00,1,543.543,0.000,587,57,2.304
greedy,57,22:00,1,697.172,28.264,39,35,0.157
bidijkstra,57,22:00,1,543.543,0.000,1085,112,4.464
idastar,57,22:00,1,543.543,0.000,77327,32,73.949
beam,57,22:00,1,845.643,55.580,976,50,2.834
bfs,58,22:00,1,508.732,19.190,1061,67,0.856
dfs,58,22:00,1,12782.617,2894.822,908,217,16.725
iddfs,58,22:00,1,508.732,19.190,50922,26,100.914
ucs,58,22:00,1,426.824,0.000,985,58,1.944
dijkstra,58,22:00,1,426.824,0.000,985,58,1.790
astar,58,22:00,1,426.824,0.000,532,60,1.512
greedy,58,22:00,1,455.751,6.777,58,34,0.146
bidijkstra,58,22:00,1,426.824,0.000,595,59,1.608
idastar,58,22:00,1,426.824,0.000,45021,30,44.108
beam,58,22:00,1,439.773,3.034,889,50,2.246
bfs,59,22:00,1,578.186,21.111,1015,73,0.896
dfs,59,22:00,1,6236.178,1206.280,545,109,4.952
iddfs,59,22:00,1,578.186,21.111,42032,29,106.828
ucs,59,22:00,1,477.400,0.000,1061,59,2.141
dijkstra,59,22:00,1,477.400,0.000,1061,59,1.810
astar,59,22:00,1,477.400,0.000,545,61,1.701
greedy,59,22:00,1,593.804,24.383,33,33,0.115
bidijkstra,59,22:00,1,477.400,0.000,919,94,3.118
idastar,59,22:00,1,477.400,0.000,42201,24,38.336
beam,59,22:00,1,534.410,11.942,864,50,1.728
bfs,60,22:00,1,553.195,6.823,1066,87,0.576
dfs,60,22:00,1,11415.079,2104.283,847,191,13.084
iddfs,60,22:00,1,553.195,6.823,34236,24,65.591
ucs,60,22:00,1,517.859,0.000,775,89,1.729
dijkstra,60,22:00,1,517.859,0.000,775,89,1.744
astar,60,22:00,1,517.859,0.000,160,46,0.657
greedy,60,22:00,1,554.136,7.005,30,33,0.222
bidijkstra,60,22:00,1,517.859,0.000,546,58,1.899
idastar,60,22:00,1,518.414,0.107,2579,15,2.636
beam,60,22:00,1,553.195,6.823,877,50,2.263
bfs,61,22:00,1,484.197,51.014,910,79,0.668
dfs,61,22:00,1,1935.734,503.727,163,54,0.691
iddfs,61,22:00,1,484.197,51.014,27882,22,51.663
ucs,61,22:00,1,320.631,0.000,863,78,1.834
dijkstra,61,22:00,1,320.631,0.000,863,78,1.783
astar,61,22:00,1,320.631,0.000,398,60,1.417
greedy,61,22:00,1,354.024,10.415,31,27,0.108
bidijkstra,61,22:00,1,320.631,0.000,456,73,1.524
idastar,61,22:00,1,324.801,1.301,60012,23,55.114
beam,61,22:00,1,484.197,51.014,781,50,1.701
bfs,62,22:00,1,610.188,21.229,1966,96,0.975
dfs,62,22:00,1,9719.498,1831.025,1709,246,34.816
iddfs,62,22:00,1,610.188,21.229,202841,34,507.463
ucs,62,22:00,1,503.333,0.000,1814,99,3.434
dijkstra,62,22:00,1,503.333,0.000,1814,99,3.041
astar,62,22:00,1,503.333,0.000,1008,91,3.049
greedy,62,22:00,1,604.399,20.079,71,38,0.185
bidijkstra,62,22:00,1,503.333,0.000,984,82,2.929
idastar,62,22:00,1,507.357,0.799,130798,31,127.606
beam,62,22:00,1,608.497,20.893,1374,50,3.661
bfs,63,22:00,1,916.465,113.448,1805,102,1.456
dfs,63,22:00,1,12717.214,2861.892,1503,239,28.612
iddfs,63,22:00,1,916.465,113.448,112300,27,213.385
ucs,63,22:00,1,429.361,0.000,1249,82,2.451
dijkstra,63,22:00,1,429.361,0.000,1249,82,2.612
astar,63,22:00,1,429.361,0.000,550,82,1.779
greedy,63,22:00,1,601.220,40.027,38,31,0.120
bidijkstra,63,22:00,1,429.361,0.000,606,94,1.735
idastar,63,22:00,1,429.361,0.000,37372,22,33.756
beam,63,22:00,1,466.536,8.658,1133,50,2.369
bfs,64,22:00,1,1095.046,80.842,1072,57,0.544
dfs,64,22:00,1,12179.183,1911.343,791,217,10.023
iddfs,64,22:00,1,1095.046,80.842,70876,35,180.821
ucs,64,22:00,1,605.525,0.000,1306,67,2.696
dijkstra,64,22:00,1,605.525,0.000,1306,67,2.087
astar,64,22:00,1,605.525,0.000,845,63,2.459
greedy,64,22:00,1,787.031,29.975,55,36,0.151
bidijkstra,64,22:00,1,605.525,0.000,1244,126,4.311
idastar,64,22:00,1,605.525,0.000,117762,33,104.602
beam,64,22:00,1,1092.370,80.400,1101,50,2.339
bfs,65,22:00,1,534.986,23.870,1423,90,0.857
dfs,65,22:00,1,8216.140,1802.354,648,138,7.417
iddfs,65,22:00,1,534.986,23.870,85564,27,158.604
ucs,65,22:00,1,431.893,0.000,1237,83,2.188
dijkstra,65,22:00,1,431.893,0.000,1237,83,1.918
astar,65,22:00,1,431.893,0.000,678,77,2.010
greedy,65,22:00,1,600.720,39.090,38,30,0.118
bidijkstra,65,22:00,1,431.893,0.000,818,92,3.000
idastar,65,22:00,1,431.893,0.000,40212,26,36.400
beam,65,22:00,1,534.986,23.870,1130,50,2.490
bfs,66,22:00,1,1551.829,110.482,2040,81,1.003
dfs,66,22:00,1,7158.983,871.007,1906,233,33.243
iddfs,66,22:00,1,1551.829,110.482,397027,38,960.392
ucs,66,22:00,1,737.274,0.000,1988,96,4.215
dijkstra,66,22:00,1,737.274,0.000,1988,96,4.299
astar,66,22:00,1,737.274,0.000,1358,93,4.581
greedy,66,22:00,1,1359.010,84.329,119,51,0.314
bidijkstra,66,22:00,1,737.274,0.000,1233,113,4.487
idastar,66,22:00,1,737.274,0.000,516839,33,440.563
beam,66,22:00,1,835.254,13.289,1734,50,3.683
bfs,67,22:00,1,1004.210,73.006,1098,60,0.585
dfs,67,22:00,1,9814.898,1590.921,1843,257,43.772
iddfs,67,22:00,1,1004.210,73.006,112664,36,305.282
ucs,67,22:00,1,580.447,0.000,1016,56,2.021
dijkstra,67,22:00,1,580.447,0.000,1016,56,1.695
astar,67,22:00,1,580.447,0.000,588,48,1.685
greedy,67,22:00,1,1116.167,92.294,61,58,0.192
bidijkstra,67,22:00,1,580.447,0.000,1112,98,3.981
idastar,67,22:00,1,583.123,0.461,271863,39,232.339
beam,67,22:00,1,994.715,71.371,1045,50,2.229
bfs,68,22:00,1,1114.266,69.914,1927,64,1.023
dfs,68,22:00,1,7581.263,1056.061,352,137,2.900
iddfs,68,22:00,1,1114.266,69.914,388226,47,1479.570
ucs,68,22:00,1,655.784,0.000,1732,82,3.929
dijkstra,68,22:00,1,655.784,0.000,1732,82,4.128
astar,68,22:00,1,655.784,0.000,772,75,3.065
greedy,68,22:00,1,1293.647,97.267,88,63,0.341
bidijkstra,68,22:00,1,655.784,0.000,1228,111,4.797
idastar,68,22:00,1,657.939,0.329,120230,47,122.943
beam,68,22:00,1,1114.266,69.914,1844,50,5.136
bfs,69,22:00,1,667.009,13.516,1458,77,1.406
dfs,69,22:00,1,11434.430,1845.990,826,196,14.364
iddfs,69,22:00,1,667.009,13.516,99997,32,274.890
ucs,69,22:00,1,587.589,0.000,1419,66,2.713
dijkstra,69,22:00,1,587.589,0.000,1419,66,3.061
astar,69,22:00,1,587.589,0.000,742,70,2.167
greedy,69,22:00,1,1064.847,81.223,52,45,0.313
bidijkstra,69,22:00,1,587.589,0.000,858,101,3.400
idastar,69,22:00,1,591.018,0.583,106154,36,95.749
beam,69,22:00,1,599.741,2.068,1181,50,2.255
bfs,70,22:00,1,1404.888,159.823,2084,81,1.116
dfs,70,22:00,1,9897.066,1730.382,1847,237,36.478
iddfs,70,22:00,1,1404.888,159.823,503680,45,1531.690
ucs,70,22:00,1,540.710,0.000,1768,86,3.127
dijkstra,70,22:00,1,540.710,0.000,1768,86,2.765
astar,70,22:00,1,540.710,0.000,939,115,2.767
greedy,70,22:00,1,1002.049,85.321,78,43,0.209
bidijkstra,70,22:00,1,540.710,0.000,954,106,2.745
idastar,70,22:00,1,540.710,0.000,106068,30,89.245
beam,70,22:00,1,862.162,59.450,1958,50,4.408
bfs,71,22:00,1,396.940,29.940,647,82,0.354
dfs,71,22:00,1,6577.520,2053.174,1879,236,32.865
iddfs,71,22:00,1,396.940,29.940,13522,19,21.942
ucs,71,22:00,1,305.480,0.000,458,54,0.889
dijkstra,71,22:00,1,305.480,0.000,458,54,0.727
astar,71,22:00,1,305.480,0.000,245,40,0.756
greedy,71,22:00,1,766.791,151.012,40,25,0.114
bidijkstra,71,22:00,1,305.480,0.000,432,82,1.346
idastar,71,22:00,1,305.480,0.000,5813,17,5.201
beam,71,22:00,1,305.480,0.000,607,50,1.303
bfs,72,22:00,1,777.189,10.457,2101,99,1.344
dfs,72,22:00,1,10851.608,1442.265,1662,247,35.619
iddfs,72,22:00,1,777.189,10.457,297335,36,751.583
ucs,72,22:00,1,703.615,0.000,2074,98,4.186
dijkstra,72,22:00,1,703.615,0.000,2074,98,3.875
astar,72,22:00,1,703.615,0.000,1932,112,6.686
greedy,72,22:00,1,740.614,5.258,61,46,0.225
bidijkstra,72,22:00,1,703.615,0.000,1193,83,3.783
idastar,72,22:00,1,705.658,0.290,1486029,48,1401.044
beam,72,22:00,1,743.280,5.637,1504,50,3.054
bfs,73,22:00,1,1067.985,107.307,1990,82,0.983
dfs,73,22:00,1,10855.816,2007.230,1529,236,27.613
iddfs,73,22:00,1,1067.985,107.307,244533,38,645.236
ucs,73,22:00,1,515.170,0.000,1400,87,3.083
dijkstra,73,22:00,1,515.170,0.000,1400,87,3.057
astar,73,22:00,1,515.170,0.000,620,84,2.297
greedy,73,22:00,1,913.139,77.250,82,54,0.248
bidijkstra,73,22:00,1,515.170,0.000,846,78,2.788
idastar,73,22:00,1,517.720,0.495,30701,30,35.547
beam,73,22:00,1,728.235,41.358,1665,50,5.250
bfs,74,22:00,1,1388.496,37.071,2112,89,2.400
dfs,74,22:00,1,9128.276,801.137,1846,259,43.738
iddfs,74,22:00,1,1388.496,37.071,438735,44,1375.753
ucs,74,22:00,1,1012.973,0.000,2104,92,4.015
dijkstra,74,22:00,1,1012.973,0.000,2104,92,4.099
astar,74,22:00,1,1012.973,0.000,1967,109,6.600
greedy,74,22:00,1,2829.906,179.366,188,69,0.552
bidijkstra,74,22:00,1,1012.973,0.000,1150,94,3.518
idastar,74,22:00,1,1012.973,0.000,2892873,56,2841.245
beam,74,22:00,1,1388.496,37.071,1685,50,3.511
bfs,75,22:00,1,694.278,23.662,1747,117,1.021
dfs,75,22:00,1,5167.384,820.392,389,113,3.694
iddfs,75,22:00,1,694.278,23.662,93911,31,216.670
ucs,75,22:00,1,561.433,0.000,1842,96,3.135
dijkstra,75,22:00,1,561.433,0.000,1842,96,2.911
astar,75,22:00,1,561.433,0.000,1164,109,3.322
greedy,75,22:00,1,622.833,10.936,36,40,0.123
bidijkstra,75,22:00,1,561.433,0.000,926,115,2.708
idastar,75,22:00,1,561.433,0.000,219847,37,186.030
beam,75,22:00,1,650.370,15.841,1187,50,2.323
bfs,76,22:00,1,457.043,11.845,512,48,0.263
dfs,76,22:00,1,14660.986,3487.766,1380,261,32.037
iddfs,76,22:00,1,457.043,11.845,21722,26,40.550
ucs,76,22:00,1,408.638,0.000,512,43,0.896
dijkstra,76,22:00,1,408.638,0.000,512,43,0.759
astar,76,22:00,1,408.638,0.000,369,40,1.435
greedy,76,22:00,1,449.898,10.097,63,42,0.244
bidijkstra,76,22:00,1,408.638,0.000,632,95,1.866
idastar,76,22:00,1,410.901,0.554,77442,35,66.986
beam,76,22:00,1,447.679,9.554,489,45,1.286
bfs,77,22:00,1,310.923,17.332,540,58,0.309
dfs,77,22:00,1,13808.175,5110.756,1336,245,28.348
iddfs,77,22:00,1,310.923,17.332,11493,18,17.947
ucs,77,22:00,1,264.994,0.000,462,43,0.832
dijkstra,77,22:00,1,264.994,0.000,462,43,0.705
astar,77,22:00,1,264.994,0.000,269,43,0.817
greedy,77,22:00,1,425.668,60.633,33,22,0.094
bidijkstra,77,22:00,1,264.994,0.000,333,72,0.945
idastar,77,22:00,1,264.994,0.000,14651,25,13.124
beam,77,22:00,1,310.923,17.332,531,50,1.089
bfs,78,22:00,1,1194.894,195.581,749,84,0.389
dfs,78,22:00,1,8862.604,2092.346,784,134,8.230
iddfs,78,22:00,1,1194.894,195.581,15184,22,26.254
ucs,78,22:00,1,404.252,0.000,938,61,1.724
dijkstra,78,22:00,1,404.252,0.000,938,61,1.430
astar,78,22:00,1,404.252,0.000,506,56,1.470
greedy,78,22:00,1,1302.140,222.111,24,25,0.082
bidijkstra,78,22:00,1,404.252,0.000,670,80,1.996
idastar,78,22:00,1,404.252,0.000,35791,26,32.001
beam,78,22:00,1,525.684,30.039,727,50,1.659
bfs,79,22:00,1,470.896,50.544,1326,117,0.997
dfs,79,22:00,1,9828.057,3042.009,1164,198,20.970
iddfs,79,22:00,1,470.896,50.544,48730,26,101.101
ucs,79,22:00,1,312.795,0.000,501,68,1.100
dijkstra,79,22:00,1,312.795,0.000,501,68,0.879
astar,79,22:00,1,312.795,0.000,126,39,0.450
greedy,79,22:00,1,439.636,40.551,36,29,0.115
bidijkstra,79,22:00,1,312.795,0.000,446,61,1.451
idastar,79,22:00,1,312.795,0.000,1874,21,2.024
beam,79,22:00,1,439.636,40.551,880,50,2.086
bfs,80,22:00,1,929.820,143.341,1019,93,0.632
dfs,80,22:00,1,9354.725,2348.203,864,148,10.269
iddfs,80,22:00,1,929.820,143.341,25236,19,40.401
ucs,80,22:00,1,382.106,0.000,1120,81,2.399
dijkstra,80,22:00,1,382.106,0.000,1120,81,2.006
astar,80,22:00,1,382.106,0.000,511,63,1.677
greedy,80,22:00,1,737.402,92.984,29,25,0.103
bidijkstra,80,22:00,1,382.106,0.000,639,101,2.141
idastar,80,22:00,1,383.629,0.399,28150,24,26.621
beam,80,22:00,1,459.741,20.318,837,50,2.160
bfs,81,22:00,1,796.859,33.436,1567,84,1.059
dfs,81,22:00,1,3758.979,529.451,304,81,1.964
iddfs,81,22:00,1,796.859,33.436,111280,30,258.105
ucs,81,22:00,1,597.184,0.000,1568,87,3.112
dijkstra,81,22:00,1,597.184,0.000,1568,87,3.079
astar,81,22:00,1,597.184,0.000,725,79,2.370
greedy,81,22:00,1,1084.839,81.659,60,47,0.212
bidijkstra,81,22:00,1,597.184,0.000,841,71,2.802
idastar,81,22:00,1,597.184,0.000,48735,32,49.109
beam,81,22:00,1,729.590,22.172,1216,50,3.214
bfs,82,22:00,1,1019.199,122.651,1351,67,1.031
dfs,82,22:00,1,12147.262,2553.646,1044,212,19.305
iddfs,82,22:00,1,1019.199,122.651,109686,26,219.929
ucs,82,22:00,1,457.757,0.000,1359,74,2.811
dijkstra,82,22:00,1,457.757,0.000,1359,74,2.720
astar,82,22:00,1,457.757,0.000,735,85,2.433
greedy,82,22:00,1,891.267,94.703,41,39,0.154
bidijkstra,82,22:00,1,457.757,0.000,821,104,2.883
idastar,82,22:00,1,458.492,0.161,279152,37,253.168
beam,82,22:00,1,537.790,17.484,1349,50,3.185
bfs,83,22:00,1,993.725,1.197,289,30,0.192
dfs,83,22:00,1,13103.113,1234.364,1069,230,17.613
iddfs,83,22:00,1,993.725,1.197,7914,17,12.758
ucs,83,22:00,1,981.975,0.000,268,32,0.548
dijkstra,83,22:00,1,981.975,0.000,268,32,0.471
astar,83,22:00,1,981.975,0.000,116,27,0.484
greedy,83,22:00,1,987.710,0.584,53,12,0.145
bidijkstra,83,22:00,1,981.975,0.000,1759,102,7.031
idastar,83,22:00,1,981.975,0.000,10950,18,8.917
beam,83,22:00,1,987.710,0.584,275,27,0.679
bfs,84,22:00,1,1250.892,139.771,1802,93,1.261
dfs,84,22:00,1,6940.917,1230.435,1738,221,36.067
iddfs,84,22:00,1,1250.892,139.771,224852,31,467.134
ucs,84,22:00,1,521.703,0.000,1712,76,3.103
dijkstra,84,22:00,1,521.703,0.000,1712,76,2.882
astar,84,22:00,1,521.703,0.000,1007,100,2.896
greedy,84,22:00,1,1430.582,174.214,66,57,0.202
bidijkstra,84,22:00,1,521.703,0.000,1243,116,4.277
idastar,84,22:00,1,525.638,0.754,234596,37,200.091
beam,84,22:00,1,648.094,24.227,1722,50,3.857
bfs,85,22:00,1,346.259,0.000,342,52,0.573
dfs,85,22:00,1,10853.035,3034.370,1712,190,40.928
iddfs,85,22:00,1,346.259,0.000,5437,16,11.909
ucs,85,22:00,1,346.259,0.000,895,96,2.768
dijkstra,85,22:00,1,346.259,0.000,895,96,2.620
astar,85,22:00,1,346.259,0.000,229,41,0.984
greedy,85,22:00,1,675.553,95.101,88,20,0.228
bidijkstra,85,22:00,1,346.259,0.000,443,57,1.456
idastar,85,22:00,1,346.259,0.000,8975,22,8.111
beam,85,22:00,1,346.259,0.000,335,48,0.777
bfs,86,22:00,1,1299.920,6.579,304,33,0.195
dfs,86,22:00,1,13503.530,1007.143,1184,229,21.076
iddfs,86,22:00,1,1299.920,6.579,9266,18,15.438
ucs,86,22:00,1,1219.674,0.000,337,32,0.617
dijkstra,86,22:00,1,1219.674,0.000,337,32,0.523
astar,86,22:00,1,1219.674,0.000,163,29,0.552
greedy,86,22:00,1,1246.733,2.219,58,24,0.141
bidijkstra,86,22:00,1,1219.674,0.000,2013,101,7.041
idastar,86,22:00,1,1219.674,0.000,15601,22,13.305
beam,86,22:00,1,1289.678,5.740,313,32,0.704
bfs,87,22:00,1,563.030,8.104,1344,80,0.820
dfs,87,22:00,1,5253.415,908.678,458,129,4.466
iddfs,87,22:00,1,563.030,8.104,80869,30,167.678
ucs,87,22:00,1,520.822,0.000,1743,100,3.799
dijkstra,87,22:00,1,520.822,0.000,1743,100,3.033
astar,87,22:00,1,520.822,0.000,967,85,3.045
greedy,87,22:00,1,520.822,0.000,44,44,0.152
bidijkstra,87,22:00,1,520.822,0.000,835,95,2.520
idastar,87,22:00,1,520.822,0.000,409508,39,339.701
beam,87,22:00,1,550.911,5.777,1165,50,2.531
bfs,88,22:00,1,592.002,49.839,1122,102,0.658
dfs,88,22:00,1,3607.799,813.154,269,70,1.564
iddfs,88,22:00,1,592.002,49.839,32319,24,57.800
ucs,88,22:00,1,395.092,0.000,1542,99,2.924
dijkstra,88,22:00,1,395.092,0.000,1542,99,2.703
astar,88,22:00,1,395.092,0.000,517,71,1.545
greedy,88,22:00,1,715.879,81.193,34,37,0.115
bidijkstra,88,22:00,1,395.092,0.000,747,101,2.384
idastar,88,22:00,1,396.077,0.249,22659,30,20.339
beam,88,22:00,1,592.002,49.839,866,50,1.894
bfs,89,22:00,1,547.355,10.863,614,77,0.341
dfs,89,22:00,1,15950.714,3130.707,1280,239,21.276
iddfs,89,22:00,1,547.355,10.863,8164,16,12.117
ucs,89,22:00,1,493.722,0.000,605,81,1.247
dijkstra,89,22:00,1,493.722,0.000,605,81,1.006
astar,89,22:00,1,493.722,0.000,165,45,0.560
greedy,89,22:00,1,617.180,25.006,35,20,0.092
bidijkstra,89,22:00,1,493.722,0.000,500,48,1.457
idastar,89,22:00,1,493.722,0.000,2033,14,2.134
beam,89,22:00,1,547.355,10.863,498,50,1.047
bfs,90,22:00,1,362.756,19.396,1023,123,0.679
dfs,90,22:00,1,5973.117,1865.967,502,133,4.383
iddfs,90,22:00,1,362.756,19.396,27691,19,43.863
ucs,90,22:00,1,303.826,0.000,710,76,1.452
dijkstra,90,22:00,1,303.826,0.000,710,76,1.194
astar,90,22:00,1,303.826,0.000,154,30,0.511
greedy,90,22:00,1,379.873,25.030,34,20,0.090
bidijkstra,90,22:00,1,303.826,0.000,188,41,0.503
idastar,90,22:00,1,303.826,0.000,3604,16,3.727
beam,90,22:00,1,362.756,19.396,766,50,1.961
bfs,91,22:00,1,459.187,45.500,1617,122,1.036
dfs,91,22:00,1,8325.612,2538.097,635,164,6.742
iddfs,91,22:00,1,459.187,45.500,78366,27,167.575
ucs,91,22:00,1,315.592,0.000,724,89,1.813
dijkstra,91,22:00,1,315.592,0.000,724,89,1.516
astar,91,22:00,1,315.592,0.000,250,38,0.872
greedy,91,22:00,1,457.667,45.019,95,27,0.256
bidijkstra,91,22:00,1,315.592,0.000,275,32,0.835
idastar,91,22:00,1,315.592,0.000,16330,23,16.331
beam,91,22:00,1,457.496,44.965,1013,50,2.523
bfs,92,22:00,1,655.800,44.137,809,83,0.536
dfs,92,22:00,1,13730.892,2917.893,1263,238,23.541
iddfs,92,22:00,1,655.800,44.137,25691,20,42.782
ucs,92,22:00,1,454.983,0.000,1027,87,1.903
dijkstra,92,22:00,1,454.983,0.000,1027,87,1.580
astar,92,22:00,1,454.983,0.000,412,54,1.295
greedy,92,22:00,1,584.404,28.445,34,29,0.110
bidijkstra,92,22:00,1,454.983,0.000,549,96,1.730
idastar,92,22:00,1,454.983,0.000,27038,23,23.579
beam,92,22:00,1,574.751,26.324,753,50,1.684
bfs,93,22:00,1,1408.806,97.269,1731,75,0.919
dfs,93,22:00,1,6167.041,763.543,1964,272,43.079
iddfs,93,22:00,1,1408.806,97.269,151643,35,379.582
ucs,93,22:00,1,714.155,0.000,1754,75,3.608
dijkstra,93,22:00,1,714.155,0.000,1754,75,3.673
astar,93,22:00,1,714.155,0.000,1089,87,3.870
greedy,93,22:00,1,886.332,24.109,54,50,0.211
bidijkstra,93,22:00,1,714.155,0.000,1273,124,4.776
idastar,93,22:00,1,717.767,0.506,131836,44,124.314
beam,93,22:00,1,901.671,26.257,1724,50,3.464
bfs,94,22:00,1,584.510,8.197,1888,75,0.993
dfs,94,22:00,1,10263.487,1799.840,798,193,9.961
iddfs,94,22:00,1,584.510,8.197,328488,34,737.660
ucs,94,22:00,1,540.229,0.000,1575,85,3.014
dijkstra,94,22:00,1,540.229,0.000,1575,85,2.725
astar,94,22:00,1,540.229,0.000,683,90,2.149
greedy,94,22:00,1,699.021,29.393,80,43,0.212
bidijkstra,94,22:00,1,540.229,0.000,891,79,3.031
idastar,94,22:00,1,540.494,0.049,59227,27,54.019
beam,94,22:00,1,584.510,8.197,1721,50,3.759
bfs,95,22:00,1,682.316,34.230,1980,102,1.066
dfs,95,22:00,1,9257.399,1721.184,1676,233,34.062
iddfs,95,22:00,1,682.316,34.230,254749,35,604.726
ucs,95,22:00,1,508.318,0.000,1747,77,3.586
dijkstra,95,22:00,1,508.318,0.000,1747,77,3.509
astar,95,22:00,1,508.318,0.000,1011,105,2.893
greedy,95,22:00,1,1264.486,148.759,80,60,0.222
bidijkstra,95,22:00,1,508.318,0.000,1179,124,3.582
idastar,95,22:00,1,508.318,0.000,202715,31,165.072
beam,95,22:00,1,626.582,23.266,1678,50,3.878
bfs,96,22:00,1,894.680,55.002,1691,74,1.007
dfs,96,22:00,1,7578.417,1212.953,644,185,7.557
iddfs,96,22:00,1,894.680,55.002,229044,38,604.702
ucs,96,22:00,1,577.204,0.000,1483,85,3.328
dijkstra,96,22:00,1,577.204,0.000,1483,85,3.265
astar,96,22:00,1,577.204,0.000,647,76,2.425
greedy,96,22:00,1,737.636,27.795,155,34,0.352
bidijkstra,96,22:00,1,577.204,0.000,645,65,2.104
idastar,96,22:00,1,577.204,0.000,66918,31,62.572
beam,96,22:00,1,577.204,0.000,1582,50,3.589
bfs,97,22:00,1,695.282,14.745,1594,90,0.998
dfs,97,22:00,1,5123.939,745.625,1971,247,41.475
iddfs,97,22:00,1,695.282,14.745,118106,29,282.891
ucs,97,22:00,1,605.935,0.000,1960,97,3.703
dijkstra,97,22:00,1,605.935,0.000,1960,97,3.954
astar,97,22:00,1,605.935,0.000,1382,103,4.613
greedy,97,22:00,1,1969.662,225.062,76,55,0.245
bidijkstra,97,22:00,1,605.935,0.000,1074,108,3.466
idastar,97,22:00,1,605.935,0.000,393610,42,381.028
beam,97,22:00,1,695.282,14.745,1294,50,2.832
bfs,98,22:00,1,320.900,40.078,499,67,0.307
dfs,98,22:00,1,6065.265,2547.593,274,122,2.109
iddfs,98,22:00,1,320.900,40.078,14515,23,23.136
ucs,98,22:00,1,229.086,0.000,437,42,0.826
dijkstra,98,22:00,1,229.086,0.000,437,42,0.737
astar,98,22:00,1,229.086,0.000,166,52,0.582
greedy,98,22:00,1,647.898,182.819,46,32,0.137
bidijkstra,98,22:00,1,229.086,0.000,290,56,0.875
idastar,98,22:00,1,229.086,0.000,1405,15,1.560
beam,98,22:00,1,320.900,40.078,486,50,1.127
bfs,99,22:00,1,1086.304,159.253,1704,118,1.129
dfs,99,22:00,1,9794.018,2237.397,1786,240,36.432
iddfs,99,22:00,1,1086.304,159.253,85173,26,167.001
ucs,99,22:00,1,419.014,0.000,1637,111,3.092
dijkstra,99,22:00,1,419.014,0.000,1637,111,2.608
astar,99,22:00,1,419.014,0.000,567,93,1.900
greedy,99,22:00,1,660.482,57.628,81,53,0.223
bidijkstra,99,22:00,1,419.014,0.000,917,110,2.888
idastar,99,22:00,1,419.014,0.000,27144,27,24.199
beam,99,22:00,1,620.375,48.056,1388,50,3.595
bfs,100,22:00,1,552.325,8.167,1950,106,1.047
dfs,100,22:00,1,7818.399,1431.145,1906,183,29.618
iddfs,100,22:00,1,552.325,8.167,197360,34,425.933
ucs,100,22:00,1,510.624,0.000,1814,100,3.100
dijkstra,100,22:00,1,510.624,0.000,1814,100,2.764
astar,100,22:00,1,510.624,0.000,1029,109,2.878
greedy,100,22:00,1,1092.279,113.910,54,42,0.151
bidijkstra,100,22:00,1,510.624,0.000,976,97,3.055
idastar,100,22:00,1,510.624,0.000,115516,28,97.621
beam,100,22:00,1,552.325,8.167,1356,50,2.825
bfs,101,22:00,1,1047.326,5.945,1700,77,0.974
dfs,101,22:00,1,10795.230,992.018,751,181,10.577
iddfs,101,22:00,1,1047.326,5.945,155969,34,392.696
ucs,101,22:00,1,988.558,0.000,2071,79,3.565
dijkstra,101,22:00,1,988.558,0.000,2071,79,3.123
astar,101,22:00,1,988.558,0.000,1874,83,5.090
greedy,101,22:00,1,1935.572,95.797,83,52,0.228
bidijkstra,101,22:00,1,988.558,0.000,1059,69,3.079
idastar,101,22:00,1,990.078,0.154,2335506,52,1964.753
beam,101,22:00,1,1047.326,5.945,1385,50,3.437
bfs,102,22:00,1,901.590,37.594,1686,121,1.133
dfs,102,22:00,1,9719.073,1383.254,859,173,12.088
iddfs,102,22:00,1,901.590,37.594,82459,25,180.719
ucs,102,22:00,1,655.253,0.000,1824,99,3.687
dijkstra,102,22:00,1,655.253,0.000,1824,99,3.213
astar,102,22:00,1,655.253,0.000,899,91,2.876
greedy,102,22:00,1,1126.717,71.951,46,37,0.151
bidijkstra,102,22:00,1,655.253,0.000,748,97,2.569
idastar,102,22:00,1,655.253,0.000,55379,29,52.278
beam,102,22:00,1,655.928,0.103,1320,50,2.941
bfs,103,22:00,1,395.962,38.443,1345,92,0.789
dfs,103,22:00,1,3827.448,1238.214,134,58,0.675
iddfs,103,22:00,1,395.962,38.443,59524,28,126.805
ucs,103,22:00,1,286.012,0.000,905,91,1.599
dijkstra,103,22:00,1,286.012,0.000,905,91,1.378
astar,103,22:00,1,286.012,0.000,378,61,1.142
greedy,103,22:00,1,608.803,112.860,34,30,0.102
bidijkstra,103,22:00,1,286.012,0.000,500,81,1.363
idastar,103,22:00,1,286.997,0.344,49231,29,39.550
beam,103,22:00,1,382.308,33.669,952,50,1.947
bfs,104,22:00,1,621.115,32.516,1896,117,0.933
dfs,104,22:00,1,10410.121,2121.010,1357,196,22.158
iddfs,104,22:00,1,621.115,32.516,130172,31,306.075
ucs,104,22:00,1,468.711,0.000,1202,97,2.168
dijkstra,104,22:00,1,468.711,0.000,1202,97,1.820
astar,104,22:00,1,468.711,0.000,358,66,1.084
greedy,104,22:00,1,613.356,30.860,54,49,0.164
bidijkstra,104,22:00,1,468.711,0.000,456,55,1.179
idastar,104,22:00,1,468.711,0.000,23654,23,20.320
beam,104,22:00,1,609.587,30.056,1175,50,2.571
bfs,105,22:00,1,563.213,25.526,1380,81,0.795
dfs,105,22:00,1,6360.397,1317.570,467,131,4.160
iddfs,105,22:00,1,563.213,25.526,95248,28,185.486
ucs,105,22:00,1,448.683,0.000,1423,103,3.067
dijkstra,105,22:00,1,448.683,0.000,1423,103,2.584
astar,105,22:00,1,448.683,0.000,565,69,1.973
greedy,105,22:00,1,832.350,85.509,147,65,0.635
bidijkstra,105,22:00,1,448.683,0.000,686,77,2.187
idastar,105,22:00,1,448.683,0.000,32299,25,30.700
beam,105,22:00,1,563.213,25.526,1134,50,2.699
bfs,106,22:00,1,891.552,21.647,1450,76,0.977
dfs,106,22:00,1,6314.459,761.571,1851,257,37.934
iddfs,106,22:00,1,891.552,21.647,128944,25,245.279
ucs,106,22:00,1,732.901,0.000,1236,71,2.161
dijkstra,106,22:00,1,732.901,0.000,1236,71,1.894
astar,106,22:00,1,732.901,0.000,596,85,1.760
greedy,106,22:00,1,797.890,8.867,58,45,0.170
bidijkstra,106,22:00,1,732.901,0.000,791,88,2.523
idastar,106,22:00,1,732.901,0.000,58228,27,50.735
beam,106,22:00,1,891.552,21.647,1233,50,2.795
bfs,107,22:00,1,1137.538,74.895,1375,74,0.816
dfs,107,22:00,1,7023.325,979.825,474,127,4.606
iddfs,107,22:00,1,1137.538,74.895,97736,34,227.094
ucs,107,22:00,1,650.413,0.000,1598,92,2.874
dijkstra,107,22:00,1,650.413,0.000,1598,92,2.500
astar,107,22:00,1,650.413,0.000,962,69,2.750
greedy,107,22:00,1,1864.602,186.680,273,58,0.544
bidijkstra,107,22:00,1,650.413,0.000,680,87,1.779
idastar,107,22:00,1,651.488,0.165,357261,45,302.946
beam,107,22:00,1,971.197,49.320,1176,50,2.418
bfs,108,22:00,1,584.253,35.858,2008,140,1.071
dfs,108,22:00,1,9941.260,2211.667,1795,226,34.670
iddfs,108,22:00,1,584.253,35.858,174741,28,330.164
ucs,108,22:00,1,430.047,0.000,1430,103,2.793
dijkstra,108,22:00,1,430.047,0.000,1430,103,2.617
astar,108,22:00,1,430.047,0.000,422,63,1.370
greedy,108,22:00,1,588.021,36.734,55,47,0.171
bidijkstra,108,22:00,1,430.047,0.000,529,60,1.438
idastar,108,22:00,1,430.047,0.000,14362,24,12.530
beam,108,22:00,1,584.253,35.858,1247,50,2.572
bfs,109,22:00,1,831.749,44.731,1583,74,0.803
dfs,109,22:00,1,11041.454,1821.308,1669,280,38.157
iddfs,109,22:00,1,831.749,44.731,133575,36,326.181
ucs,109,22:00,1,574.684,0.000,1441,76,2.614
dijkstra,109,22:00,1,574.684,0.000,1441,76,2.301
astar,109,22:00,1,574.684,0.000,876,68,2.461
greedy,109,22:00,1,782.972,36.244,76,47,0.227
bidijkstra,109,22:00,1,574.684,0.000,762,79,3.405
idastar,109,22:00,1,578.080,0.591,139270,34,120.569
beam,109,22:00,1,811.723,41.247,1208,50,2.608
bfs,110,22:00,1,694.243,9.846,955,82,0.715
dfs,110,22:00,1,3773.470,497.055,226,87,1.340
iddfs,110,22:00,1,694.243,9.846,30739,22,54.663
ucs,110,22:00,1,632.013,0.000,2013,90,3.847
dijkstra,110,22:00,1,632.013,0.000,2013,90,3.407
astar,110,22:00,1,632.013,0.000,1257,70,3.616
greedy,110,22:00,1,891.015,40.980,36,35,0.118
bidijkstra,110,22:00,1,632.013,0.000,949,97,2.713
idastar,110,22:00,1,632.811,0.126,3439254,47,2752.759
beam,110,22:00,1,694.243,9.846,795,50,2.044
bfs,111,22:00,1,584.384,27.021,1349,81,0.767
dfs,111,22:00,1,10374.934,2155.093,1775,245,37.397
iddfs,111,22:00,1,584.384,27.021,83682,27,163.748
ucs,111,22:00,1,460.067,0.000,1417,93,2.750
dijkstra,111,22:00,1,460.067,0.000,1417,93,2.405
astar,111,22:00,1,460.067,0.000,842,72,2.595
greedy,111,22:00,1,490.756,6.671,50,35,0.152
bidijkstra,111,22:00,1,460.067,0.000,946,105,2.960
idastar,111,22:00,1,460.067,0.000,107626,29,91.833
beam,111,22:00,1,480.776,4.501,1101,50,2.259
bfs,112,22:00,1,633.373,10.685,1146,69,0.625
dfs,112,22:00,1,11983.218,1994.120,766,215,8.886
iddfs,112,22:00,1,633.373,10.685,52837,31,115.871
ucs,112,22:00,1,572.232,0.000,1427,71,2.567
dijkstra,112,22:00,1,572.232,0.000,1427,71,2.575
astar,112,22:00,1,572.232,0.000,824,63,2.478
greedy,112,22:00,1,670.600,17.190,36,36,0.144
bidijkstra,112,22:00,1,572.232,0.000,1205,120,4.121
idastar,112,22:00,1,574.404,0.380,101039,30,86.431
beam,112,22:00,1,633.373,10.685,994,50,2.014
bfs,113,22:00,1,546.714,5.560,959,64,0.510
dfs,113,22:00,1,14407.072,2681.731,1130,255,21.793
iddfs,113,22:00,1,546.714,5.560,58182,29,123.900
ucs,113,22:00,1,517.917,0.000,1168,62,2.068
dijkstra,113,22:00,1,517.917,0.000,1168,62,1.926
astar,113,22:00,1,517.917,0.000,637,50,1.763
greedy,113,22:00,1,644.752,24.489,43,34,0.122
bidijkstra,113,22:00,1,517.917,0.000,892,92,2.645
idastar,113,22:00,1,517.917,0.000,203695,34,173.751
beam,113,22:00,1,546.714,5.560,875,50,2.020
bfs,114,22:00,1,922.894,97.803,1659,98,0.998
dfs,114,22:00,1,7703.365,1551.056,1767,173,22.632
iddfs,114,22:00,1,922.894,97.803,124055,32,287.048
ucs,114,22:00,1,466.572,0.000,1528,89,3.317
dijkstra,114,22:00,1,466.572,0.000,1528,89,3.098
astar,114,22:00,1,466.572,0.000,672,89,2.239
greedy,114,22:00,1,552.592,18.436,59,47,0.181
bidijkstra,114,22:00,1,466.572,0.000,1143,145,4.483
idastar,114,22:00,1,466.572,0.000,66451,34,61.003
beam,114,22:00,1,599.260,28.439,1311,50,3.062
bfs,115,22:00,1,779.643,41.880,2102,88,1.136
dfs,115,22:00,1,10542.574,1818.545,1788,238,35.560
iddfs,115,22:00,1,779.643,41.880,430720,43,1103.152
ucs,115,22:00,1,549.509,0.000,1918,93,4.268
dijkstra,115,22:00,1,549.509,0.000,1918,93,4.061
astar,115,22:00,1,549.509,0.000,1243,123,4.628
greedy,115,22:00,1,1941.420,253.301,121,64,0.348
bidijkstra,115,22:00,1,549.509,0.000,1119,108,4.091
idastar,115,22:00,1,549.509,0.000,206434,35,203.559
beam,115,22:00,1,765.029,39.220,1736,50,4.129
bfs,116,22:00,1,383.652,3.930,450,72,0.250
dfs,116,22:00,1,3354.432,808.701,1719,194,29.748
iddfs,116,22:00,1,383.652,3.930,7602,18,14.050
ucs,116,22:00,1,369.146,0.000,937,118,2.043
dijkstra,116,22:00,1,369.146,0.000,937,118,1.635
astar,116,22:00,1,369.146,0.000,308,43,1.015
greedy,116,22:00,1,521.306,41.219,114,27,0.255
bidijkstra,116,22:00,1,369.146,0.000,437,49,1.273
idastar,116,22:00,1,369.146,0.000,16730,23,15.990
beam,116,22:00,1,369.146,0.000,434,50,1.071
bfs,117,22:00,1,331.677,0.000,207,35,0.122
dfs,117,22:00,1,5555.258,1574.899,1843,195,32.652
iddfs,117,22:00,1,331.677,0.000,2886,13,3.925
ucs,117,22:00,1,331.677,0.000,175,25,0.373
dijkstra,117,22:00,1,331.677,0.000,175,25,0.300
astar,117,22:00,1,331.677,0.000,83,26,0.344
greedy,117,22:00,1,331.677,0.000,33,14,0.084
bidijkstra,117,22:00,1,331.677,0.000,422,69,1.458
idastar,117,22:00,1,331.677,0.000,1935,15,1.915
beam,117,22:00,1,331.677,0.000,203,31,0.523
bfs,118,22:00,1,1030.175,82.633,1236,59,0.692
dfs,118,22:00,1,10033.394,1678.751,514,190,7.018
iddfs,118,22:00,1,1030.175,82.633,114293,35,299.367
ucs,118,22:00,1,564.070,0.000,1382,73,2.538
dijkstra,118,22:00,1,564.070,0.000,1382,73,2.653
astar,118,22:00,1,564.070,0.000,795,66,2.516
greedy,118,22:00,1,1007.540,78.620,38,36,0.142
bidijkstra,118,22:00,1,564.070,0.000,1331,124,5.223
idastar,118,22:00,1,564.070,0.000,221336,41,234.018
beam,118,22:00,1,1027.499,82.158,1246,50,3.576
bfs,119,22:00,1,892.326,114.908,1676,103,1.257
dfs,119,22:00,1,8354.014,1911.985,427,154,4.160
iddfs,119,22:00,1,892.326,114.908,122179,31,311.633
ucs,119,22:00,1,415.213,0.000,1426,83,3.355
dijkstra,119,22:00,1,415.213,0.000,1426,83,2.900
astar,119,22:00,1,415.213,0.000,528,78,1.935
greedy,119,22:00,1,984.141,137.021,42,40,0.160
bidijkstra,119,22:00,1,415.213,0.000,983,113,3.781
idastar,119,22:00,1,415.213,0.000,42674,25,41.925
beam,119,22:00,1,517.698,24.683,1198,50,3.187
bfs,120,22:00,1,1247.001,194.618,2016,96,1.453
dfs,120,22:00,1,10143.623,2296.548,1633,241,39.609
iddfs,120,22:00,1,1247.001,194.618,230498,34,583.177
ucs,120,22:00,1,423.260,0.000,1595,95,3.050
dijkstra,120,22:00,1,423.260,0.000,1595,95,2.656
astar,120,22:00,1,423.260,0.000,534,101,1.693
greedy,120,22:00,1,997.953,135.778,72,53,0.215
bidijkstra,120,22:00,1,423.260,0.000,899,119,3.769
idastar,120,22:00,1,423.260,0.000,24163,25,22.146
beam,120,22:00,1,630.392,48.937,1709,50,4.253
bfs,121,22:00,1,577.282,32.693,778,71,0.550
dfs,121,22:00,1,13342.175,2966.812,1145,235,19.662
iddfs,121,22:00,1,577.282,32.693,40426,26,83.557
ucs,121,22:00,1,435.050,0.000,737,63,1.728
dijkstra,121,22:00,1,435.050,0.000,737,63,1.251
astar,121,22:00,1,435.050,0.000,401,58,1.325
greedy,121,22:00,1,471.138,8.295,58,29,0.167
bidijkstra,121,22:00,1,435.050,0.000,525,78,1.690
idastar,121,22:00,1,435.941,0.205,18877,31,17.012
beam,121,22:00,1,561.339,29.029,757,50,1.958
bfs,122,22:00,1,1458.351,19.187,1504,79,1.294
dfs,122,22:00,1,8225.709,572.267,1859,228,35.351
iddfs,122,22:00,1,1458.351,19.187,167719,33,425.398
ucs,122,22:00,1,1223.578,0.000,1765,73,3.716
dijkstra,122,22:00,1,1223.578,0.000,1765,73,3.277
astar,122,22:00,1,1223.578,0.000,1092,75,3.586
greedy,122,22:00,1,1444.840,18.083,137,56,0.616
bidijkstra,122,22:00,1,1223.578,0.000,1507,111,6.045
idastar,122,22:00,1,1227.883,0.352,717328,35,594.717
beam,122,22:00,1,1420.918,16.128,1369,50,2.828
bfs,123,22:00,1,450.412,47.862,567,68,0.294
dfs,123,22:00,1,6407.209,2003.376,520,150,5.326
iddfs,123,22:00,1,450.412,47.862,11291,19,17.555
ucs,123,22:00,1,304.616,0.000,467,64,0.807
dijkstra,123,22:00,1,304.616,0.000,467,64,0.695
astar,123,22:00,1,304.616,0.000,149,32,0.473
greedy,123,22:00,1,459.038,50.694,26,24,0.080
bidijkstra,123,22:00,1,304.616,0.000,328,52,0.911
idastar,123,22:00,1,304.616,0.000,4730,22,4.206
beam,123,22:00,1,450.412,47.862,483,50,1.036
bfs,124,22:00,1,466.644,41.596,869,96,0.564
dfs,124,22:00,1,5785.616,1655.563,475,125,4.187
iddfs,124,22:00,1,466.644,41.596,19552,18,32.302
ucs,124,22:00,1,329.559,0.000,1091,98,2.122
dijkstra,124,22:00,1,329.559,0.000,1091,98,1.879
astar,124,22:00,1,329.559,0.000,289,52,0.946
greedy,124,22:00,1,581.134,76.337,59,32,0.157
bidijkstra,124,22:00,1,329.559,0.000,375,63,1.152
idastar,124,22:00,1,329.559,0.000,9674,20,9.087
beam,124,22:00,1,466.644,41.596,666,50,1.500
bfs,125,22:00,1,386.694,35.479,513,71,0.302
dfs,125,22:00,1,13068.263,4478.493,1581,258,38.256
iddfs,125,22:00,1,386.694,35.479,8824,22,18.284
ucs,125,22:00,1,285.427,0.000,406,47,0.829
dijkstra,125,22:00,1,285.427,0.000,406,47,1.123
astar,125,22:00,1,285.427,0.000,214,24,0.736
greedy,125,22:00,1,335.371,17.498,41,30,0.124
bidijkstra,125,22:00,1,285.427,0.000,211,34,0.562
idastar,125,22:00,1,289.339,1.371,5600,26,4.928
beam,125,22:00,1,385.003,34.886,487,50,1.006
bfs,126,22:00,1,459.709,18.122,881,76,0.576
dfs,126,22:00,1,4031.621,935.927,86,35,0.246
iddfs,126,22:00,1,459.709,18.122,38987,20,64.803
ucs,126,22:00,1,389.180,0.000,578,57,1.128
dijkstra,126,22:00,1,389.180,0.000,578,57,0.886
astar,126,22:00,1,389.180,0.000,303,47,0.897
greedy,126,22:00,1,2303.190,491.806,83,37,0.202
bidijkstra,126,22:00,1,389.180,0.000,517,59,1.680
idastar,126,22:00,1,390.241,0.273,11992,24,10.061
beam,126,22:00,1,459.709,18.122,754,50,1.600
bfs,127,22:00,1,1765.095,65.012,1061,69,0.571
dfs,127,22:00,1,2752.940,157.362,124,72,0.525
iddfs,127,22:00,1,1765.095,65.012,55142,28,108.510
ucs,127,22:00,1,1069.675,0.000,2112,110,3.697
dijkstra,127,22:00,1,1069.675,0.000,2112,110,3.618
astar,127,22:00,1,1069.675,0.000,2050,76,5.875
greedy,127,22:00,1,2125.545,98.709,80,30,0.190
bidijkstra,127,22:00,1,1069.675,0.000,1237,107,3.399
idastar,127,22:00,1,1073.368,0.345,8487485,70,6933.586
beam,127,22:00,1,1116.907,4.416,1549,50,3.068
bfs,128,22:00,1,949.626,80.633,1033,56,0.498
dfs,128,22:00,1,10360.308,1870.686,568,199,6.276
iddfs,128,22:00,1,949.626,80.633,82923,37,192.362
ucs,128,22:00,1,525.721,0.000,1032,56,1.769
dijkstra,128,22:00,1,525.721,0.000,1032,56,1.529
astar,128,22:00,1,525.721,0.000,613,49,1.734
greedy,128,22:00,1,1138.498,116.559,38,39,0.122
bidijkstra,128,22:00,1,525.721,0.000,961,109,3.116
idastar,128,22:00,1,525.721,0.000,189021,38,155.583
beam,128,22:00,1,946.950,80.124,1056,50,2.188
bfs,129,22:00,1,640.919,26.872,1191,84,0.611
dfs,129,22:00,1,4124.942,716.549,353,87,2.328
iddfs,129,22:00,1,640.919,26.872,58659,28,111.485
ucs,129,22:00,1,505.168,0.000,1269,87,2.087
dijkstra,129,22:00,1,505.168,0.000,1269,87,1.838
astar,129,22:00,1,505.168,0.000,554,73,1.598
greedy,129,22:00,1,1087.841,115.343,59,46,0.162
bidijkstra,129,22:00,1,505.168,0.000,749,74,2.051
idastar,129,22:00,1,505.168,0.000,29729,27,24.087
beam,129,22:00,1,640.919,26.872,967,50,1.741
bfs,130,22:00,1,743.264,15.498,1858,93,0.904
dfs,130,22:00,1,6734.445,946.482,520,123,4.429
iddfs,130,22:00,1,743.264,15.498,201939,37,511.919
ucs,130,22:00,1,643.532,0.000,1999,104,3.472
dijkstra,130,22:00,1,643.532,0.000,1999,104,3.009
astar,130,22:00,1,643.532,0.000,1216,81,3.883
greedy,130,22:00,1,1350.747,109.896,244,65,0.489
bidijkstra,130,22:00,1,643.532,0.000,812,75,1.916
idastar,130,22:00,1,644.625,0.170,600464,43,484.948
beam,130,22:00,1,743.264,15.498,1439,50,2.915
bfs,131,22:00,1,1946.319,153.204,2105,79,0.956
dfs,131,22:00,1,13034.735,1595.738,1448,259,30.492
iddfs,131,22:00,1,1946.319,153.204,546940,50,1731.564
ucs,131,22:00,1,768.676,0.000,1735,81,3.154
dijkstra,131,22:00,1,768.676,0.000,1735,81,2.801
astar,131,22:00,1,768.676,0.000,797,105,2.387
greedy,131,22:00,1,1837.616,139.062,77,57,0.221
bidijkstra,131,22:00,1,768.676,0.000,1271,112,4.028
idastar,131,22:00,1,769.020,0.045,70454,36,58.251
beam,131,22:00,1,1489.556,93.782,1917,50,3.683
bfs,132,22:00,1,285.014,1.692,508,64,0.253
dfs,132,22:00,1,1067.511,280.883,67,42,0.199
iddfs,132,22:00,1,285.014,1.692,9624,16,13.699
ucs,132,22:00,1,280.272,0.000,732,74,1.134
dijkstra,132,22:00,1,280.272,0.000,732,74,1.121
astar,132,22:00,1,280.272,0.000,171,31,0.464
greedy,132,22:00,1,285.014,1.692,17,20,0.057
bidijkstra,132,22:00,1,280.272,0.000,382,64,1.038
idastar,132,22:00,1,280.272,0.000,3615,16,3.268
beam,132,22:00,1,285.014,1.692,452,50,0.828
bfs,133,22:00,1,526.037,9.434,1371,77,0.660
dfs,133,22:00,1,15696.288,3165.373,1510,245,29.896
iddfs,133,22:00,1,526.037,9.434,91721,30,193.347
ucs,133,22:00,1,480.689,0.000,1194,83,2.064
dijkstra,133,22:00,1,480.689,0.000,1194,83,1.857
astar,133,22:00,1,480.689,0.000,625,59,1.784
greedy,133,22:00,1,551.995,14.834,52,37,0.146
bidijkstra,133,22:00,1,480.689,0.000,1053,106,3.357
idastar,133,22:00,1,480.689,0.000,72546,29,62.440
beam,133,22:00,1,485.655,1.033,1108,50,2.276
bfs,134,22:00,1,300.464,9.924,920,96,0.502
dfs,134,22:00,1,3625.290,1226.307,2000,245,42.467
iddfs,134,22:00,1,300.464,9.924,19395,21,33.638
ucs,134,22:00,1,273.337,0.000,666,63,1.160
dijkstra,134,22:00,1,273.337,0.000,666,63,1.163
astar,134,22:00,1,273.337,0.000,266,51,0.852
greedy,134,22:00,1,414.935,51.803,47,41,0.148
bidijkstra,134,22:00,1,273.337,0.000,283,48,0.784
idastar,134,22:00,1,276.996,1.339,9286,24,8.481
beam,134,22:00,1,283.470,3.707,622,50,1.287
bfs,135,22:00,1,330.955,35.904,506,61,0.269
dfs,135,22:00,1,1912.689,685.432,93,40,0.318
iddfs,135,22:00,1,330.955,35.904,8664,19,13.346
ucs,135,22:00,1,243.520,0.000,420,42,0.669
dijkstra,135,22:00,1,243.520,0.000,420,42,0.723
astar,135,22:00,1,243.520,0.000,248,36,0.974
greedy,135,22:00,1,336.445,38.159,59,21,0.157
bidijkstra,135,22:00,1,243.520,0.000,260,59,0.726
idastar,135,22:00,1,246.876,1.378,10410,22,9.526
beam,135,22:00,1,285.271,17.144,484,50,1.045
bfs,136,22:00,1,1392.067,271.039,1063,62,0.614
dfs,136,22:00,1,2562.101,582.898,140,34,0.432
iddfs,136,22:00,1,1392.067,271.039,59567,22,112.671
ucs,136,22:00,1,375.181,0.000,844,77,1.513
dijkstra,136,22:00,1,375.181,0.000,844,77,1.329
astar,136,22:00,1,375.181,0.000,353,58,1.105
greedy,136,22:00,1,1567.802,317.879,60,27,0.152
bidijkstra,136,22:00,1,375.181,0.000,387,54,1.026
idastar,136,22:00,1,378.367,0.849,103740,29,87.990
beam,136,22:00,1,1055.576,181.352,1181,50,2.531
bfs,137,22:00,1,693.142,58.065,1656,94,0.874
dfs,137,22:00,1,2823.451,543.864,1468,172,21.403
iddfs,137,22:00,1,693.142,58.065,108229,30,284.193
ucs,137,22:00,1,438.517,0.000,1388,91,2.522
dijkstra,137,22:00,1,438.517,0.000,1388,91,2.190
astar,137,22:00,1,438.517,0.000,426,74,1.326
greedy,137,22:00,1,644.972,47.080,61,46,0.170
bidijkstra,137,22:00,1,438.517,0.000,558,80,1.533
idastar,137,22:00,1,438.517,0.000,21016,32,18.098
beam,137,22:00,1,670.124,52.816,1284,50,2.521
bfs,138,22:00,1,784.905,104.682,1332,94,0.763
dfs,138,22:00,1,8854.422,2208.993,699,195,9.096
iddfs,138,22:00,1,784.905,104.682,55331,27,98.492
ucs,138,22:00,1,383.475,0.000,1328,89,2.300
dijkstra,138,22:00,1,383.475,0.000,1328,89,2.011
astar,138,22:00,1,383.475,0.000,561,83,1.574
greedy,138,22:00,1,441.264,15.070,66,26,0.147
bidijkstra,138,22:00,1,383.475,0.000,677,80,1.770
idastar,138,22:00,1,384.858,0.360,32148,21,30.223
beam,138,22:00,1,459.742,19.888,1311,50,2.557
bfs,139,22:00,1,547.454,2.267,396,46,0.273
dfs,139,22:00,1,11457.009,2040.229,1014,224,13.628
iddfs,139,22:00,1,547.454,2.267,8706,16,11.824
ucs,139,22:00,1,535.317,0.000,507,46,0.796
dijkstra,139,22:00,1,535.317,0.000,507,46,0.727
astar,139,22:00,1,535.317,0.000,228,35,0.608
greedy,139,22:00,1,535.700,0.072,38,17,0.090
bidijkstra,139,22:00,1,535.317,0.000,429,55,1.072
idastar,139,22:00,1,535.317,0.000,5498,18,4.957
beam,139,22:00,1,547.454,2.267,367,43,0.709
bfs,140,22:00,1,231.614,6.691,646,89,0.335
dfs,140,22:00,1,1247.954,474.857,140,39,0.450
iddfs,140,22:00,1,231.614,6.691,9149,18,12.554
ucs,140,22:00,1,217.089,0.000,408,60,0.611
dijkstra,140,22:00,1,217.089,0.000,408,60,0.602
astar,140,22:00,1,217.089,0.000,135,23,0.367
greedy,140,22:00,1,278.978,28.508,39,18,0.089
bidijkstra,140,22:00,1,217.089,0.000,163,40,0.396
idastar,140,22:00,1,217.089,0.000,1971,17,1.746
beam,140,22:00,1,231.614,6.691,485,50,0.871
bfs,141,22:00,1,417.989,135.745,604,64,0.284
dfs,141,22:00,1,12543.364,6974.424,1496,230,24.028
iddfs,141,22:00,1,417.989,135.745,12108,21,17.153
ucs,141,22:00,1,177.306,0.000,231,35,0.360
dijkstra,141,22:00,1,177.306,0.000,231,35,0.330
astar,141,22:00,1,177.306,0.000,81,27,0.242
greedy,141,22:00,1,217.511,22.675,55,26,0.123
bidijkstra,141,22:00,1,177.306,0.000,166,51,0.416
idastar,141,22:00,1,179.322,1.137,1180,11,1.028
beam,141,22:00,1,243.640,37.413,564,50,0.966
bfs,142,22:00,1,1445.159,65.392,1915,70,0.835
dfs,142,22:00,1,6210.595,610.774,261,111,1.661
iddfs,142,22:00,1,1445.159,65.392,448985,39,1146.334
ucs,142,22:00,1,873.780,0.000,2029,75,3.435
dijkstra,142,22:00,1,873.780,0.000,2029,75,3.123
astar,142,22:00,1,873.780,0.000,1968,113,5.592
greedy,142,22:00,1,1100.643,25.963,64,54,0.193
bidijkstra,142,22:00,1,873.780,0.000,1175,99,3.565
idastar,142,22:00,1,873.780,0.000,1799189,52,1478.473
beam,142,22:00,1,1124.145,28.653,1873,50,3.458
bfs,143,22:00,1,622.996,54.648,680,86,0.350
dfs,143,22:00,1,2708.402,572.314,111,44,0.403
iddfs,143,22:00,1,622.996,54.648,12733,17,17.749
ucs,143,22:00,1,402.848,0.000,1228,94,2.099
dijkstra,143,22:00,1,402.848,0.000,1228,94,1.968
astar,143,22:00,1,402.848,0.000,604,79,1.772
greedy,143,22:00,1,854.503,112.116,24,21,0.086
bidijkstra,143,22:00,1,402.848,0.000,488,87,1.493
idastar,143,22:00,1,403.833,0.245,161829,35,131.419
beam,143,22:00,1,455.151,12.983,606,50,1.316
bfs,144,22:00,1,1438.680,81.056,603,64,0.345
dfs,144,22:00,1,5827.770,633.418,256,103,1.686
iddfs,144,22:00,1,1438.680,81.056,20658,24,40.975
ucs,144,22:00,1,794.604,0.000,244,35,0.415
dijkstra,144,22:00,1,794.604,0.000,244,35,0.378
astar,144,22:00,1,794.604,0.000,154,34,0.466
greedy,144,22:00,1,794.604,0.000,37,46,0.126
bidijkstra,144,22:00,1,794.604,0.000,1337,93,4.147
idastar,144,22:00,1,795.652,0.132,8746,25,7.297
beam,144,22:00,1,1436.238,80.749,625,50,1.191
bfs,145,22:00,1,445.133,10.821,913,65,0.477
dfs,145,22:00,1,6476.980,1512.521,584,124,4.749
iddfs,145,22:00,1,445.133,10.821,36228,27,64.617
ucs,145,22:00,1,401.668,0.000,796,77,1.330
dijkstra,145,22:00,1,401.668,0.000,796,77,1.239
astar,145,22:00,1,401.668,0.000,262,34,0.759
greedy,145,22:00,1,477.620,18.909,41,36,0.117
bidijkstra,145,22:00,1,401.668,0.000,395,47,1.017
idastar,145,22:00,1,404.218,0.635,11225,21,8.959
beam,145,22:00,1,445.133,10.821,816,50,1.665
bfs,146,22:00,1,730.695,60.288,1888,90,1.073
dfs,146,22:00,1,10182.889,2133.758,591,160,5.446
iddfs,146,22:00,1,730.695,60.288,225124,33,609.841
ucs,146,22:00,1,455.864,0.000,1166,80,2.331
dijkstra,146,22:00,1,455.864,0.000,1166,80,1.761
astar,146,22:00,1,455.864,0.000,388,63,1.144
greedy,146,22:00,1,1043.155,128.830,117,57,0.288
bidijkstra,146,22:00,1,455.864,0.000,703,61,1.925
idastar,146,22:00,1,455.864,0.000,14551,24,12.219
beam,146,22:00,1,707.677,55.239,1528,50,3.231
bfs,147,22:00,1,485.918,25.299,1002,79,0.461
dfs,147,22:00,1,8029.563,1970.501,617,144,7.031
iddfs,147,22:00,1,485.918,25.299,38106,21,61.652
ucs,147,22:00,1,387.808,0.000,1295,103,2.341
dijkstra,147,22:00,1,387.808,0.000,1295,103,2.163
astar,147,22:00,1,387.808,0.000,529,84,1.578
greedy,147,22:00,1,483.263,24.614,45,29,0.123
bidijkstra,147,22:00,1,387.808,0.000,703,130,2.317
idastar,147,22:00,1,387.808,0.000,27151,22,23.311
beam,147,22:00,1,464.861,19.869,834,50,1.733
bfs,148,22:00,1,541.413,11.012,1997,94,0.954
dfs,148,22:00,1,10148.336,1980.823,1866,249,37.820
iddfs,148,22:00,1,541.413,11.012,298557,33,715.134
ucs,148,22:00,1,487.708,0.000,1340,93,2.856
dijkstra,148,22:00,1,487.708,0.000,1340,93,2.574
astar,148,22:00,1,487.708,0.000,510,62,1.736
greedy,148,22:00,1,1166.019,139.082,60,55,0.207
bidijkstra,148,22:00,1,487.708,0.000,769,76,2.295
idastar,148,22:00,1,488.857,0.236,25770,30,23.562
beam,148,22:00,1,529.357,8.540,1700,50,3.904
bfs,149,22:00,1,396.091,28.005,779,104,0.416
dfs,149,22:00,1,10159.530,3183.273,1843,208,32.244
iddfs,149,22:00,1,396.091,28.005,9257,18,14.073
ucs,149,22:00,1,309.433,0.000,954,81,1.725
dijkstra,149,22:00,1,309.433,0.000,954,81,1.443
astar,149,22:00,1,309.433,0.000,243,50,0.845
greedy,149,22:00,1,740.215,139.217,35,30,0.166
bidijkstra,149,22:00,1,309.433,0.000,412,83,1.374
idastar,149,22:00,1,311.588,0.696,5269,17,4.611
beam,149,22:00,1,396.091,28.005,544,50,1.049
bfs,150,22:00,1,737.450,34.879,1695,94,0.923
dfs,150,22:00,1,8573.808,1468.142,753,164,8.672
iddfs,150,22:00,1,737.450,34.879,100563,28,232.948
ucs,150,22:00,1,546.750,0.000,1924,98,3.500
dijkstra,150,22:00,1,546.750,0.000,1924,98,3.235
astar,150,22:00,1,546.750,0.000,1103,74,3.421
greedy,150,22:00,1,724.529,32.516,77,43,0.213
bidijkstra,150,22:00,1,546.750,0.000,747,85,2.053
idastar,150,22:00,1,546.750,0.000,466506,38,375.737
beam,150,22:00,1,700.812,28.178,1305,50,3.115
bfs,151,22:00,1,1271.689,90.805,1754,90,1.195
dfs,151,22:00,1,5195.889,679.593,423,111,3.501
iddfs,151,22:00,1,1271.689,90.805,166985,35,424.612
ucs,151,22:00,1,666.487,0.000,1874,110,4.247
dijkstra,151,22:00,1,666.487,0.000,1874,110,3.629
astar,151,22:00,1,666.487,0.000,1133,120,3.779
greedy,151,22:00,1,1003.497,50.565,71,51,0.235
bidijkstra,151,22:00,1,666.487,0.000,889,95,2.741
idastar,151,22:00,1,666.487,0.000,135043,35,117.134
beam,151,22:00,1,790.279,18.574,1555,50,3.060
bfs,152,22:00,1,565.996,14.304,1061,88,0.512
dfs,152,22:00,1,10801.638,2081.406,1182,196,19.135
iddfs,152,22:00,1,565.996,14.304,35150,27,73.009
ucs,152,22:00,1,495.169,0.000,1378,117,2.487
dijkstra,152,22:00,1,495.169,0.000,1378,117,2.196
astar,152,22:00,1,495.169,0.000,601,74,1.685
greedy,152,22:00,1,528.136,6.658,35,35,0.106
bidijkstra,152,22:00,1,495.169,0.000,343,65,0.909
idastar,152,22:00,1,495.169,0.000,67081,28,55.542
beam,152,22:00,1,533.986,7.839,787,50,1.579
bfs,153,22:00,1,305.944,7.084,682,74,0.334
dfs,153,22:00,1,10623.418,3618.323,808,189,11.013
iddfs,153,22:00,1,305.944,7.084,10849,18,14.992
ucs,153,22:00,1,285.705,0.000,701,65,1.441
dijkstra,153,22:00,1,285.705,0.000,701,65,1.078
astar,153,22:00,1,285.705,0.000,221,49,0.663
greedy,153,22:00,1,355.635,24.476,29,18,0.078
bidijkstra,153,22:00,1,285.705,0.000,286,58,0.696
idastar,153,22:00,1,285.705,0.000,8967,17,7.526
beam,153,22:00,1,305.944,7.084,546,50,1.111
bfs,154,22:00,1,349.738,4.372,636,70,0.342
dfs,154,22:00,1,2988.894,791.970,186,71,1.024
iddfs,154,22:00,1,349.738,4.372,10088,20,16.085
ucs,154,22:00,1,335.089,0.000,829,64,1.349
dijkstra,154,22:00,1,335.089,0.000,829,64,1.212
astar,154,22:00,1,335.089,0.000,319,51,1.028
greedy,154,22:00,1,363.927,8.606,35,30,0.102
bidijkstra,154,22:00,1,335.089,0.000,479,75,1.388
idastar,154,22:00,1,336.582,0.446,18126,24,14.921
beam,154,22:00,1,349.738,4.372,529,50,1.054
bfs,155,22:00,1,398.922,0.739,1092,103,0.562
dfs,155,22:00,1,3526.461,790.533,1751,240,31.514
iddfs,155,22:00,1,398.922,0.739,24613,23,41.351
ucs,155,22:00,1,395.994,0.000,1310,82,2.612
dijkstra,155,22:00,1,395.994,0.000,1310,82,2.313
astar,155,22:00,1,395.994,0.000,502,73,2.059
greedy,155,22:00,1,1079.195,172.528,55,41,0.176
bidijkstra,155,22:00,1,395.994,0.000,661,87,1.939
idastar,155,22:00,1,395.994,0.000,28612,26,26.244
beam,155,22:00,1,398.922,0.739,705,50,1.791
bfs,156,22:00,1,1223.645,45.575,1742,81,1.125
dfs,156,22:00,1,3056.869,263.669,363,70,1.572
iddfs,156,22:00,1,1223.645,45.575,184430,34,453.943
ucs,156,22:00,1,840.563,0.000,2052,85,4.009
dijkstra,156,22:00,1,840.563,0.000,2052,85,3.549
astar,156,22:00,1,840.563,0.000,1992,116,6.390
greedy,156,22:00,1,1258.108,49.675,67,40,0.221
bidijkstra,156,22:00,1,840.563,0.000,1141,118,3.730
idastar,156,22:00,1,843.067,0.298,4344525,59,3999.981
beam,156,22:00,1,1190.733,41.659,1494,50,3.296
bfs,157,22:00,1,802.028,139.364,565,113,0.304
dfs,157,22:00,1,9445.257,2718.926,914,162,11.075
iddfs,157,22:00,1,802.028,139.364,5585,19,8.975
ucs,157,22:00,1,335.066,0.000,912,76,1.821
dijkstra,157,22:00,1,335.066,0.000,912,76,1.443
astar,157,22:00,1,335.066,0.000,417,52,1.222
greedy,157,22:00,1,989.886,195.430,40,22,0.098
bidijkstra,157,22:00,1,335.066,0.000,389,77,1.081
idastar,157,22:00,1,335.066,0.000,46271,23,40.638
beam,157,22:00,1,489.404,46.062,824,50,1.901
bfs,158,22:00,1,550.379,19.997,1901,92,1.208
dfs,158,22:00,1,5607.867,1122.657,444,130,3.847
iddfs,158,22:00,1,550.379,19.997,259293,33,608.768
ucs,158,22:00,1,458.662,0.000,1430,75,2.571
dijkstra,158,22:00,1,458.662,0.000,1430,75,2.749
astar,158,22:00,1,458.662,0.000,740,97,2.257
greedy,158,22:00,1,698.800,52.356,80,42,0.281
bidijkstra,158,22:00,1,458.662,0.000,870,87,2.754
idastar,158,22:00,1,463.130,0.974,117513,32,99.028
beam,158,22:00,1,550.379,19.997,1544,50,3.432
bfs,159,22:00,1,710.927,24.137,1967,95,1.006
dfs,159,22:00,1,7985.223,1294.324,660,136,7.770
iddfs,159,22:00,1,710.927,24.137,285980,40,685.593
ucs,159,22:00,1,572.695,0.000,1779,103,2.924
dijkstra,159,22:00,1,572.695,0.000,1779,103,2.630
astar,159,22:00,1,572.695,0.000,925,93,2.592
greedy,159,22:00,1,673.761,17.647,75,48,0.193
bidijkstra,159,22:00,1,572.695,0.000,1024,93,2.831
idastar,159,22:00,1,572.695,0.000,86515,33,73.364
beam,159,22:00,1,710.927,24.137,1552,50,3.121
bfs,160,22:00,1,558.298,22.952,995,64,0.475
dfs,160,22:00,1,8748.372,1826.619,835,173,9.980
iddfs,160,22:00,1,558.298,22.952,52139,29,106.789
ucs,160,22:00,1,454.079,0.000,1317,92,2.440
dijkstra,160,22:00,1,454.079,0.000,1317,92,2.062
astar,160,22:00,1,454.079,0.000,728,74,2.018
greedy,160,22:00,1,1372.820,202.331,69,49,0.189
bidijkstra,160,22:00,1,454.079,0.000,851,104,2.557
idastar,160,22:00,1,454.969,0.196,183717,30,145.560
beam,160,22:00,1,537.824,18.443,937,50,1.804
bfs,161,22:00,1,270.191,9.594,792,68,0.391
dfs,161,22:00,1,566.643,129.840,2109,203,30.631
iddfs,161,22:00,1,270.191,9.594,21793,20,31.459
ucs,161,22:00,1,246.538,0.000,528,65,0.921
dijkstra,161,22:00,1,246.538,0.000,528,65,0.809
astar,161,22:00,1,246.538,0.000,237,46,0.732
greedy,161,22:00,1,266.909,8.263,25,24,0.077
bidijkstra,161,22:00,1,246.538,0.000,212,53,0.572
idastar,161,22:00,1,249.096,1.038,13680,21,11.440
beam,161,22:00,1,266.909,8.263,681,50,1.374
bfs,162,22:00,1,368.627,51.699,465,51,0.261
dfs,162,22:00,1,14206.506,5746.331,1076,238,18.696
iddfs,162,22:00,1,368.627,51.699,9876,18,14.157
ucs,162,22:00,1,242.999,0.000,237,35,0.508
dijkstra,162,22:00,1,242.999,0.000,237,35,0.588
astar,162,22:00,1,242.999,0.000,107,26,0.427
greedy,162,22:00,1,700.983,188.472,42,26,0.137
bidijkstra,162,22:00,1,242.999,0.000,295,67,1.031
idastar,162,22:00,1,242.999,0.000,2648,14,2.428
beam,162,22:00,1,368.627,51.699,451,43,1.421
bfs,163,22:00,1,418.629,6.541,1874,89,1.417
dfs,163,22:00,1,10311.114,2524.175,638,164,5.911
iddfs,163,22:00,1,418.629,6.541,208937,35,532.442
ucs,163,22:00,1,392.928,0.000,925,79,1.698
dijkstra,163,22:00,1,392.928,0.000,925,79,1.534
astar,163,22:00,1,392.928,0.000,282,47,0.843
greedy,163,22:00,1,538.841,37.135,61,40,0.164
bidijkstra,163,22:00,1,392.928,0.000,592,64,1.640
idastar,163,22:00,1,393.193,0.067,6563,25,5.874
beam,163,22:00,1,406.308,3.405,1446,50,3.063
bfs,164,22:00,1,769.829,40.299,1659,90,0.868
dfs,164,22:00,1,14850.230,2606.399,1360,256,27.776
iddfs,164,22:00,1,769.829,40.299,151636,33,389.437
ucs,164,22:00,1,548.708,0.000,1576,96,2.901
dijkstra,164,22:00,1,548.708,0.000,1576,96,2.508
astar,164,22:00,1,548.708,0.000,751,65,2.131
greedy,164,22:00,1,702.079,27.951,91,55,0.237
bidijkstra,164,22:00,1,548.708,0.000,644,64,2.049
idastar,164,22:00,1,548.708,0.000,91469,33,78.933
beam,164,22:00,1,745.914,35.940,1341,50,3.154
bfs,165,22:00,1,621.290,35.179,1397,76,0.849
dfs,165,22:00,1,8119.827,1666.701,753,144,7.604
iddfs,165,22:00,1,621.290,35.179,126048,26,301.491
ucs,165,22:00,1,459.604,0.000,1269,78,2.898
dijkstra,165,22:00,1,459.604,0.000,1269,78,2.333
astar,165,22:00,1,459.604,0.000,709,83,2.418
greedy,165,22:00,1,1055.070,129.561,60,59,0.227
bidijkstra,165,22:00,1,459.604,0.000,1025,152,3.833
idastar,165,22:00,1,462.192,0.563,243261,32,258.400
beam,165,22:00,1,621.290,35.179,1230,50,2.729
bfs,166,22:00,1,520.486,2.896,1664,87,1.115
dfs,166,22:00,1,15038.197,2872.934,1448,263,35.983
iddfs,166,22:00,1,520.486,2.896,168283,39,552.145
ucs,166,22:00,1,505.837,0.000,1469,74,3.070
dijkstra,166,22:00,1,505.837,0.000,1469,74,2.921
astar,166,22:00,1,505.837,0.000,663,84,2.388
greedy,166,22:00,1,1264.526,149.987,83,60,0.278
bidijkstra,166,22:00,1,505.837,0.000,703,87,2.606
idastar,166,22:00,1,507.330,0.295,71815,31,72.835
beam,166,22:00,1,520.486,2.896,1267,50,4.181
bfs,167,22:00,1,841.927,56.555,1479,105,1.458
dfs,167,22:00,1,6893.260,1181.794,1788,246,42.384
iddfs,167,22:00,1,841.927,56.555,75698,27,212.653
ucs,167,22:00,1,537.782,0.000,1871,100,3.864
dijkstra,167,22:00,1,537.782,0.000,1871,100,3.654
astar,167,22:00,1,537.782,0.000,858,111,3.212
greedy,167,22:00,1,729.349,35.622,46,41,0.166
bidijkstra,167,22:00,1,537.782,0.000,792,105,2.688
idastar,167,22:00,1,537.782,0.000,55127,26,56.764
beam,167,22:00,1,657.550,22.271,1316,50,3.067
bfs,168,22:00,1,730.310,155.334,1358,100,0.776
dfs,168,22:00,1,6544.439,2188.098,1845,172,26.579
iddfs,168,22:00,1,730.310,155.334,51990,24,101.487
ucs,168,22:00,1,286.021,0.000,1014,93,2.014
dijkstra,168,22:00,1,286.021,0.000,1014,93,1.690
astar,168,22:00,1,286.021,0.000,251,56,0.814
greedy,168,22:00,1,732.779,156.198,35,33,0.120
bidijkstra,168,22:00,1,286.021,0.000,531,86,1.742
idastar,168,22:00,1,288.212,0.766,4473,24,4.671
beam,168,22:00,1,570.998,99.635,1161,50,2.668
bfs,169,22:00,1,818.314,25.845,1645,75,0.905
dfs,169,22:00,1,10768.621,1556.060,1554,236,28.854
iddfs,169,22:00,1,818.314,25.845,125958,34,286.475
ucs,169,22:00,1,650.256,0.000,1810,83,3.491
dijkstra,169,22:00,1,650.256,0.000,1810,83,3.200
astar,169,22:00,1,650.256,0.000,1142,96,3.861
greedy,169,22:00,1,1697.975,161.124,86,60,0.252
bidijkstra,169,22:00,1,650.256,0.000,682,87,1.921
idastar,169,22:00,1,650.256,0.000,290358,45,253.928
beam,169,22:00,1,818.314,25.845,1307,50,2.471
bfs,170,22:00,1,1259.479,32.612,2082,63,0.919
dfs,170,22:00,1,7759.970,717.058,703,133,5.902
iddfs,170,22:00,1,1259.479,32.612,590102,40,1497.567
ucs,170,22:00,1,949.746,0.000,2110,77,3.555
dijkstra,170,22:00,1,949.746,0.000,2110,77,3.202
astar,170,22:00,1,949.746,0.000,2065,111,5.668
greedy,170,22:00,1,1386.297,45.965,122,64,0.310
bidijkstra,170,22:00,1,949.746,0.000,1284,93,3.876
idastar,170,22:00,1,953.432,0.388,7533596,56,6307.721
beam,170,22:00,1,1184.615,24.730,1976,50,3.875
bfs,171,22:00,1,663.138,29.305,1647,100,0.790
dfs,171,22:00,1,10204.911,1889.856,744,166,9.515
iddfs,171,22:00,1,663.138,29.305,135709,32,303.117
ucs,171,22:00,1,512.847,0.000,1646,106,3.274
dijkstra,171,22:00,1,512.847,0.000,1646,106,2.717
astar,171,22:00,1,512.847,0.000,902,102,2.690
greedy,171,22:00,1,656.342,27.980,57,42,0.176
bidijkstra,171,22:00,1,512.847,0.000,1008,99,3.164
idastar,171,22:00,1,512.847,0.000,72429,26,63.395
beam,171,22:00,1,656.549,28.020,1268,50,2.689
bfs,172,22:00,1,368.868,1.694,454,75,0.255
dfs,172,22:00,1,3479.463,859.259,1959,194,29.372
iddfs,172,22:00,1,368.868,1.694,7646,18,12.549
ucs,172,22:00,1,362.724,0.000,879,106,1.679
dijkstra,172,22:00,1,362.724,0.000,879,106,1.363
astar,172,22:00,1,362.724,0.000,243,45,0.747
greedy,172,22:00,1,790.858,118.033,95,29,0.209
bidijkstra,172,22:00,1,362.724,0.000,420,52,1.150
idastar,172,22:00,1,365.296,0.709,10026,22,8.586
beam,172,22:00,1,362.724,0.000,432,50,0.871
bfs,173,22:00,1,336.459,1.009,1237,92,0.630
dfs,173,22:00,1,6704.128,1912.659,508,136,4.350
iddfs,173,22:00,1,336.459,1.009,44426,24,79.313
ucs,173,22:00,1,333.098,0.000,1098,90,2.217
dijkstra,173,22:00,1,333.098,0.000,1098,90,1.776
astar,173,22:00,1,333.098,0.000,376,61,1.098
greedy,173,22:00,1,389.717,16.998,35,24,0.094
bidijkstra,173,22:00,1,333.098,0.000,503,81,1.268
idastar,173,22:00,1,333.098,0.000,14825,18,12.492
beam,173,22:00,1,333.098,0.000,865,50,1.888
bfs,174,22:00,1,658.794,50.598,1799,94,0.977
dfs,174,22:00,1,9646.518,2105.161,1060,168,14.318
iddfs,174,22:00,1,658.794,50.598,135171,31,344.782
ucs,174,22:00,1,437.452,0.000,1380,91,2.562
dijkstra,174,22:00,1,437.452,0.000,1380,91,2.182
astar,174,22:00,1,437.452,0.000,488,71,1.408
greedy,174,22:00,1,541.234,23.724,74,44,0.189
bidijkstra,174,22:00,1,437.452,0.000,471,76,1.327
idastar,174,22:00,1,437.452,0.000,29954,31,26.501
beam,174,22:00,1,644.180,47.257,1362,50,2.952
bfs,175,22:00,1,706.364,7.527,1470,117,0.800
dfs,175,22:00,1,2771.972,321.967,142,75,0.722
iddfs,175,22:00,1,706.364,7.527,50300,31,132.353
ucs,175,22:00,1,656.916,0.000,1851,98,3.649
dijkstra,175,22:00,1,656.916,0.000,1851,98,3.009
astar,175,22:00,1,656.916,0.000,1117,90,3.285
greedy,175,22:00,1,1199.027,82.524,68,41,0.195
bidijkstra,175,22:00,1,656.916,0.000,593,90,1.854
idastar,175,22:00,1,660.172,0.496,425065,57,338.487
beam,175,22:00,1,704.149,7.190,1015,50,2.140
bfs,176,22:00,1,1724.874,203.790,2100,71,1.197
dfs,176,22:00,1,9175.457,1516.011,1552,245,31.437
iddfs,176,22:00,1,1724.874,203.790,624238,41,1790.645
ucs,176,22:00,1,567.784,0.000,1680,84,3.265
dijkstra,176,22:00,1,567.784,0.000,1680,84,2.674
astar,176,22:00,1,567.784,0.000,795,90,2.525
greedy,176,22:00,1,1623.598,185.953,69,60,0.226
bidijkstra,176,22:00,1,567.784,0.000,1214,121,4.568
idastar,176,22:00,1,568.128,0.061,119681,37,109.267
beam,176,22:00,1,1295.320,128.136,2046,50,4.914
bfs,177,22:00,1,443.759,15.852,1055,58,0.490
dfs,177,22:00,1,11838.544,2990.674,1546,242,32.317
iddfs,177,22:00,1,443.759,15.852,67426,28,133.183
ucs,177,22:00,1,383.041,0.000,880,85,1.606
dijkstra,177,22:00,1,383.041,0.000,880,85,1.300
astar,177,22:00,1,383.041,0.000,494,59,1.513
greedy,177,22:00,1,413.184,7.869,51,32,0.245
bidijkstra,177,22:00,1,383.041,0.000,601,84,1.753
idastar,177,22:00,1,383.041,0.000,53417,28,47.577
beam,177,22:00,1,383.041,0.000,1037,50,2.498
bfs,178,22:00,1,356.106,0.000,410,59,0.233
dfs,178,22:00,1,5635.268,1482.467,1862,200,29.427
iddfs,178,22:00,1,356.106,0.000,8766,17,13.625
ucs,178,22:00,1,356.106,0.000,245,37,0.503
dijkstra,178,22:00,1,356.106,0.000,245,37,0.390
astar,178,22:00,1,356.106,0.000,117,27,0.374
greedy,178,22:00,1,478.161,34.275,51,20,0.110
bidijkstra,178,22:00,1,356.106,0.000,404,64,1.218
idastar,178,22:00,1,356.106,0.000,2289,19,1.976
beam,178,22:00,1,356.106,0.000,392,50,0.893
bfs,179,22:00,1,1200.972,109.485,2021,83,1.045
dfs,179,22:00,1,10790.727,1782.220,708,171,6.748
iddfs,179,22:00,1,1200.972,109.485,314146,38,835.432
ucs,179,22:00,1,573.298,0.000,1410,87,2.692
dijkstra,179,22:00,1,573.298,0.000,1410,87,2.299
astar,179,22:00,1,573.298,0.000,646,89,1.979
greedy,179,22:00,1,982.613,71.397,86,55,0.239
bidijkstra,179,22:00,1,573.298,0.000,855,83,2.653
idastar,179,22:00,1,574.359,0.185,52104,32,47.654
beam,179,22:00,1,695.391,21.297,1708,50,3.774
bfs,180,22:00,1,722.953,0.000,176,33,0.101
dfs,180,22:00,1,2691.570,272.302,1660,194,26.057
iddfs,180,22:00,1,722.953,0.000,1164,11,1.387
ucs,180,22:00,1,722.953,0.000,2052,117,3.358
dijkstra,180,22:00,1,722.953,0.000,2052,117,3.011
astar,180,22:00,1,722.953,0.000,1634,87,4.589
greedy,180,22:00,1,1294.101,79.002,85,60,0.252
bidijkstra,180,22:00,1,722.953,0.000,813,105,2.365
idastar,180,22:00,1,722.953,0.000,1690366,48,1313.025
beam,180,22:00,1,722.953,0.000,189,29,0.399
bfs,181,22:00,1,313.590,92.239,839,112,0.442
dfs,181,22:00,1,7086.142,4243.987,1238,170,14.587
iddfs,181,22:00,1,313.590,92.239,11427,19,17.772
ucs,181,22:00,1,163.125,0.000,272,48,0.434
dijkstra,181,22:00,1,163.125,0.000,272,48,0.403
astar,181,22:00,1,163.125,0.000,116,36,0.357
greedy,181,22:00,1,306.465,87.871,25,18,0.072
bidijkstra,181,22:00,1,163.125,0.000,159,45,0.414
idastar,181,22:00,1,163.125,0.000,1413,12,1.366
beam,181,22:00,1,313.590,92.239,578,50,1.099
bfs,182,22:00,1,585.804,10.472,1852,90,1.073
dfs,182,22:00,1,8565.745,1515.340,746,171,8.509
iddfs,182,22:00,1,585.804,10.472,162137,35,391.723
ucs,182,22:00,1,530.275,0.000,1383,104,2.736
dijkstra,182,22:00,1,530.275,0.000,1383,104,2.503
astar,182,22:00,1,530.275,0.000,344,65,1.135
greedy,182,22:00,1,736.554,38.900,101,55,0.281
bidijkstra,182,22:00,1,530.275,0.000,604,59,1.750
idastar,182,22:00,1,530.275,0.000,13947,24,12.422
beam,182,22:00,1,585.804,10.472,1466,50,3.388
bfs,183,22:00,1,949.004,269.435,1732,106,1.015
dfs,183,22:00,1,4565.642,1677.344,150,67,0.676
iddfs,183,22:00,1,949.004,269.435,103007,28,205.503
ucs,183,22:00,1,256.880,0.000,729,68,1.380
dijkstra,183,22:00,1,256.880,0.000,729,68,1.151
astar,183,22:00,1,256.880,0.000,259,48,0.850
greedy,183,22:00,1,1107.827,331.262,36,29,0.112
bidijkstra,183,22:00,1,256.880,0.000,518,87,1.523
idastar,183,22:00,1,256.880,0.000,5314,22,5.231
beam,183,22:00,1,430.884,67.737,1204,50,2.336
bfs,184,22:00,1,412.914,37.720,480,46,0.253
dfs,184,22:00,1,1264.240,321.665,271,37,0.885
iddfs,184,22:00,1,412.914,37.720,15719,25,31.592
ucs,184,22:00,1,299.821,0.000,319,35,0.681
dijkstra,184,22:00,1,299.821,0.000,319,35,0.567
astar,184,22:00,1,299.821,0.000,193,29,0.587
greedy,184,22:00,1,343.643,14.616,64,31,0.159
bidijkstra,184,22:00,1,299.821,0.000,234,45,0.620
idastar,184,22:00,1,299.821,0.000,4607,28,4.355
beam,184,22:00,1,307.959,2.714,466,43,1.267
bfs,185,22:00,1,372.645,14.200,847,99,0.580
dfs,185,22:00,1,1612.667,394.214,362,52,1.613
iddfs,185,22:00,1,372.645,14.200,17764,21,28.072
ucs,185,22:00,1,326.309,0.000,1011,84,1.944
dijkstra,185,22:00,1,326.309,0.000,1011,84,1.729
astar,185,22:00,1,326.309,0.000,381,60,1.438
greedy,185,22:00,1,752.451,130.594,42,39,0.123
bidijkstra,185,22:00,1,326.309,0.000,565,97,1.744
idastar,185,22:00,1,326.309,0.000,20775,23,17.592
beam,185,22:00,1,372.645,14.200,655,50,1.399
bfs,186,22:00,1,1004.706,66.693,1049,60,0.501
dfs,186,22:00,1,9889.683,1540.818,1841,261,41.726
iddfs,186,22:00,1,1004.706,66.693,95273,33,238.425
ucs,186,22:00,1,602.729,0.000,1023,57,1.767
dijkstra,186,22:00,1,602.729,0.000,1023,57,1.544
astar,186,22:00,1,602.729,0.000,624,58,1.726
greedy,186,22:00,1,1084.941,80.005,56,53,0.166
bidijkstra,186,22:00,1,602.729,0.000,1107,98,3.428
idastar,186,22:00,1,603.111,0.063,332208,46,262.746
beam,186,22:00,1,995.211,65.118,1009,50,2.084
bfs,187,22:00,1,738.016,28.006,485,76,0.265
dfs,187,22:00,1,7573.762,1213.644,460,137,4.697
iddfs,187,22:00,1,738.016,28.006,6331,15,8.640
ucs,187,22:00,1,576.546,0.000,1990,116,3.142
dijkstra,187,22:00,1,576.546,0.000,1990,116,3.009
astar,187,22:00,1,576.546,0.000,1346,80,3.602
greedy,187,22:00,1,744.527,29.136,19,14,0.056
bidijkstra,187,22:00,1,576.546,0.000,777,79,1.994
idastar,187,22:00,1,576.546,0.000,927855,46,783.894
beam,187,22:00,0,,,1998,50,3.984
bfs,188,22:00,1,706.918,5.853,896,108,0.937
dfs,188,22:00,1,10944.769,1538.850,979,176,13.116
iddfs,188,22:00,1,706.918,5.853,22184,20,38.320
ucs,188,22:00,1,667.832,0.000,2040,95,3.577
dijkstra,188,22:00,1,667.832,0.000,2040,95,3.106
astar,188,22:00,1,667.832,0.000,1820,101,4.868
greedy,188,22:00,1,683.471,2.342,30,29,0.093
bidijkstra,188,22:00,1,667.832,0.000,881,98,2.271
idastar,188,22:00,1,667.832,0.000,1200112,43,1015.944
beam,188,22:00,1,706.918,5.853,726,50,1.700
bfs,189,22:00,1,714.692,23.298,866,98,0.535
dfs,189,22:00,1,4041.363,597.215,210,80,1.380
iddfs,189,22:00,1,714.692,23.298,19419,19,31.388
ucs,189,22:00,1,579.644,0.000,1916,77,3.387
dijkstra,189,22:00,1,579.644,0.000,1916,77,2.869
astar,189,22:00,1,579.644,0.000,1091,74,2.998
greedy,189,22:00,1,817.905,41.105,23,20,0.073
bidijkstra,189,22:00,1,579.644,0.000,742,77,1.898
idastar,189,22:00,1,579.682,0.007,1225128,54,949.622
beam,189,22:00,1,671.937,15.922,1066,50,2.033
bfs,190,22:00,1,272.354,19.913,394,65,0.209
dfs,190,22:00,1,8608.554,3690.215,1202,172,17.540
iddfs,190,22:00,1,272.354,19.913,6434,18,10.129
ucs,190,22:00,1,227.126,0.000,390,54,0.632
dijkstra,190,22:00,1,227.126,0.000,390,54,0.572
astar,190,22:00,1,227.126,0.000,130,26,0.377
greedy,190,22:00,1,316.118,39.182,28,21,0.079
bidijkstra,190,22:00,1,227.126,0.000,116,28,0.293
idastar,190,22:00,1,227.126,0.000,3532,20,2.944
beam,190,22:00,1,272.354,19.913,391,50,0.751
bfs,191,22:00,1,962.961,21.076,1888,79,0.908
dfs,191,22:00,1,11678.809,1368.412,1606,258,31.441
iddfs,191,22:00,1,962.961,21.076,328644,45,923.845
ucs,191,22:00,1,795.336,0.000,1869,81,3.806
dijkstra,191,22:00,1,795.336,0.000,1869,81,3.438
astar,191,22:00,1,795.336,0.000,1259,117,4.055
greedy,191,22:00,1,1333.354,67.647,78,59,0.249
bidijkstra,191,22:00,1,795.336,0.000,1262,131,4.134
idastar,191,22:00,1,798.521,0.400,182267,35,152.282
beam,191,22:00,1,935.752,17.655,1765,50,3.328
bfs,192,22:00,1,356.068,10.214,534,72,0.344
dfs,192,22:00,1,15378.949,4660.258,1403,271,33.821
iddfs,192,22:00,1,356.068,10.214,7914,16,12.080
ucs,192,22:00,1,323.070,0.000,545,46,1.047
dijkstra,192,22:00,1,323.070,0.000,545,46,0.824
astar,192,22:00,1,323.070,0.000,363,45,1.096
greedy,192,22:00,1,356.068,10.214,27,22,0.085
bidijkstra,192,22:00,1,323.070,0.000,200,44,0.471
idastar,192,22:00,1,323.070,0.000,35808,27,30.719
beam,192,22:00,1,356.068,10.214,474,50,1.100
bfs,193,22:00,1,289.061,73.725,273,63,0.190
dfs,193,22:00,1,6643.423,3892.681,1355,170,21.217
iddfs,193,22:00,1,289.061,73.725,1750,10,2.192
ucs,193,22:00,1,166.390,0.000,381,71,0.793
dijkstra,193,22:00,1,166.390,0.000,381,71,0.729
astar,193,22:00,1,166.390,0.000,110,31,0.398
greedy,193,22:00,1,285.080,71.332,15,15,0.052
bidijkstra,193,22:00,1,166.390,0.000,123,38,0.326
idastar,193,22:00,1,166.390,0.000,1221,11,1.292
beam,193,22:00,1,289.061,73.725,291,50,0.731
bfs,194,22:00,1,601.363,28.020,1068,77,0.860
dfs,194,22:00,1,11113.721,2265.918,1021,196,16.700
iddfs,194,22:00,1,601.363,28.020,47581,26,95.640
ucs,194,22:00,1,469.742,0.000,1475,100,2.837
dijkstra,194,22:00,1,469.742,0.000,1475,100,2.715
astar,194,22:00,1,469.742,0.000,814,80,2.388
greedy,194,22:00,1,1213.679,158.371,45,34,0.131
bidijkstra,194,22:00,1,469.742,0.000,684,83,2.331
idastar,194,22:00,1,469.742,0.000,220980,34,186.874
beam,194,22:00,1,601.363,28.020,1001,50,2.069
bfs,195,22:00,1,1225.150,119.909,1945,129,1.038
dfs,195,22:00,1,10385.357,1764.124,1779,241,34.550
iddfs,195,22:00,1,1225.150,119.909,169693,32,381.256
ucs,195,22:00,1,557.117,0.000,1876,87,3.736
dijkstra,195,22:00,1,557.117,0.000,1876,87,3.591
astar,195,22:00,1,557.117,0.000,1124,119,3.687
greedy,195,22:00,1,1260.971,126.338,64,51,0.198
bidijkstra,195,22:00,1,557.117,0.000,1022,113,3.590
idastar,195,22:00,1,557.117,0.000,186228,33,172.604
beam,195,22:00,1,669.616,20.193,1577,50,3.464
bfs,196,22:00,1,172.723,22.097,647,88,0.392
dfs,196,22:00,1,6679.600,4621.800,1145,166,13.330
iddfs,196,22:00,1,172.723,22.097,9956,17,14.593
ucs,196,22:00,1,141.463,0.000,244,52,0.412
dijkstra,196,22:00,1,141.463,0.000,244,52,0.392
astar,196,22:00,1,141.463,0.000,43,22,0.163
greedy,196,22:00,1,608.087,329.856,63,31,0.169
bidijkstra,196,22:00,1,141.463,0.000,106,34,0.277
idastar,196,22:00,1,141.463,0.000,177,8,0.242
beam,196,22:00,1,141.463,0.000,508,50,1.031
bfs,197,22:00,1,555.303,30.335,1560,120,0.803
dfs,197,22:00,1,8883.274,1984.987,721,165,8.429
iddfs,197,22:00,1,555.303,30.335,68514,27,128.538
ucs,197,22:00,1,426.059,0.000,1411,89,2.406
dijkstra,197,22:00,1,426.059,0.000,1411,89,2.079
astar,197,22:00,1,426.059,0.000,387,60,1.076
greedy,197,22:00,1,550.997,29.324,70,39,0.166
bidijkstra,197,22:00,1,426.059,0.000,758,100,2.276
idastar,197,22:00,1,426.059,0.000,17330,25,14.397
beam,197,22:00,1,512.487,20.285,1012,50,2.092
bfs,198,22:00,1,1594.112,43.165,1745,72,0.888
dfs,198,22:00,1,8719.339,683.070,1770,253,34.117
iddfs,198,22:00,1,1594.112,43.165,283690,37,815.164
ucs,198,22:00,1,1113.481,0.000,1765,74,2.844
dijkstra,198,22:00,1,1113.481,0.000,1765,74,2.478
astar,198,22:00,1,1113.481,0.000,1212,101,3.220
greedy,198,22:00,1,1426.722,28.132,85,76,0.239
bidijkstra,198,22:00,1,1113.481,0.000,1814,96,5.257
idastar,198,22:00,1,1117.913,0.398,2807081,45,2274.730
beam,198,22:00,1,1594.112,43.165,1483,50,3.039
bfs,199,22:00,1,680.896,7.960,1206,104,0.595
dfs,199,22:00,1,12917.348,1948.114,1543,238,28.928
iddfs,199,22:00,1,680.896,7.960,40116,22,65.371
ucs,199,22:00,1,630.695,0.000,1482,82,2.631
dijkstra,199,22:00,1,630.695,0.000,1482,82,2.173
astar,199,22:00,1,630.695,0.000,738,60,2.014
greedy,199,22:00,1,868.878,37.765,227,32,0.410
bidijkstra,199,22:00,1,630.695,0.000,261,60,0.653
idastar,199,22:00,1,630.695,0.000,160581,27,126.348
beam,199,22:00,1,680.896,7.960,888,50,1.769
